sensor_name,timestamp,x,y,z
LSM6DS3,194871,0.31,0.18,0.31
LSM6DS3,174822,0.61,0.24,0.31
LSM6DS3,199883,0.49,0.24,0.24
LSM6DS3,179834,0.55,0.18,0.37
LSM6DS3,204895,0.79,0.24,0.37
LSM6DS3,184846,0.85,0.31,0.37
LSM6DS3,209908,2.01,0.43,0.43
LSM6DS3,214920,0.49,0.24,0.37
LSM6DS3,219931,0.61,0.24,0.31
LSM6DS3,224943,0.61,0.18,0.37
LSM6DS3,229955,0.79,0.24,0.31
LSM6DS3,234968,0.43,0.24,0.31
LSM6DS3,239980,0.61,0.24,0.37
LSM6DS3,244992,0.79,0.24,0.43
LSM6DS3,250003,0.37,0.18,0.37
LSM6DS3,255014,0.67,0.24,0.37
LSM6DS3,260026,0.06,0.18,0.31
LSM6DS3,265037,0.61,0.24,0.37
LSM6DS3,270048,0.67,0.24,0.31
LSM6DS3,275060,2.01,0.61,0.43
LSM6DS3,280071,0.61,0.24,0.43
LSM6DS3,285082,0.43,0.24,0.31
LSM6DS3,290093,0.43,0.18,0.37
LSM6DS3,295108,0.49,0.12,0.43
LSM6DS3,300119,0.61,0.24,0.37
LSM6DS3,305131,0.55,0.37,0.24
LSM6DS3,310143,1.46,0.43,0.43
LSM6DS3,315156,0.79,0.18,0.55
LSM6DS3,320167,0.43,0.24,0.24
LSM6DS3,325179,-1.16,0.43,0.18
LSM6DS3,330190,0.61,0.24,0.37
LSM6DS3,335202,0.43,0.24,0.37
LSM6DS3,340215,0.61,0.24,0.31
LSM6DS3,345227,1.83,0.49,0.73
LSM6DS3,350238,-0.37,-0.37,-0.79
LSM6DS3,355249,0.49,0.06,0.24
LSM6DS3,365273,0.49,0.37,-0.18
LSM6DS3,370285,0.43,0.24,0.31
LSM6DS3,375297,0.85,0.85,0.0
LSM6DS3,380307,-0.73,0.67,0.0
LSM6DS3,385318,0.61,0.0,0.31
LSM6DS3,390331,0.79,0.37,0.31
LSM6DS3,395342,0.55,1.04,0.98
LSM6DS3,400354,0.24,-0.18,-0.06
LSM6DS3,405367,0.49,0.12,0.31
LSM6DS3,410378,0.31,0.18,0.31
LSM6DS3,415390,0.61,0.24,0.37
LSM6DS3,420402,1.59,1.28,0.92
LSM6DS3,425413,0.31,0.73,0.24
LSM6DS3,430425,0.06,-0.12,0.24
LSM6DS3,435437,0.49,0.18,0.24
LSM6DS3,36113,0.92,0.31,0.43
LSM6DS3,41124,-1.65,-1.83,-0.67
LSM6DS3,51148,0.12,0.12,0.18
LSM6DS3,56160,0.92,0.18,0.43
LSM6DS3,56160,0.92,0.18,0.43
LSM6DS3,61172,-2.14,-0.06,-0.24
LSM6DS3,61172,-2.14,-0.06,-0.24
LSM6DS3,66183,0.79,0.24,0.37
LSM6DS3,66183,0.79,0.24,0.37
LSM6DS3,71198,6.53,4.39,2.75
LSM6DS3,71198,6.53,4.39,2.75
LSM6DS3,76210,77.94,-528.63,276.18
LSM6DS3,76210,77.94,-528.63,276.18
LSM6DS3,81222,-27.28,-809.14,234.13
LSM6DS3,81222,-27.28,-809.14,234.13
LSM6DS3,86235,-38.02,-292.11,-60.49
LSM6DS3,86235,-38.02,-292.11,-60.49
LSM6DS3,91249,-162.84,-1525.09,145.81
LSM6DS3,91249,-162.84,-1525.09,145.81
LSM6DS3,96262,-638.85,362.3,274.17
LSM6DS3,96262,-638.85,362.3,274.17
LSM6DS3,101276,71.47,-98.33,224.91
LSM6DS3,101276,71.47,-98.33,224.91
LSM6DS3,106288,372.44,257.69,-841.37
LSM6DS3,106288,372.44,257.69,-841.37
LSM6DS3,111300,-15.26,210.08,128.42
LSM6DS3,111300,-15.26,210.08,128.42
LSM6DS3,116313,89.78,-141.78,35.89
LSM6DS3,116313,89.78,-141.78,35.89
LSM6DS3,121326,-18.31,-34.42,-11.84
LSM6DS3,121326,-18.31,-34.42,-11.84
LSM6DS3,126338,2.26,-1.1,4.21
LSM6DS3,126338,2.26,-1.1,4.21
LSM6DS3,131350,1.04,0.24,-1.1
LSM6DS3,131350,1.04,0.24,-1.1
LSM6DS3,136362,2.38,0.61,1.77
LSM6DS3,136362,2.38,0.61,1.77
LSM6DS3,141372,4.58,0.18,5.19
LSM6DS3,141372,4.58,0.18,5.19
LSM6DS3,146384,0.55,-3.05,0.61
LSM6DS3,146384,0.55,-3.05,0.61
LSM6DS3,151396,-131.77,32.23,-69.7
LSM6DS3,151396,-131.77,32.23,-69.7
LSM6DS3,156409,-85.21,28.56,-95.21
LSM6DS3,156409,-85.21,28.56,-95.21
LSM6DS3,161419,-60.79,332.28,267.21
LSM6DS3,166432,-19.9,-421.26,143.86
LSM6DS3,166432,-19.9,-421.26,143.86
LSM6DS3,171442,3.66,40.53,-3.66
LSM6DS3,171442,3.66,40.53,-3.66
LSM6DS3,176455,-0.98,-0.31,1.59
LSM6DS3,176455,-0.98,-0.31,1.59
LSM6DS3,181465,2.5,13.49,-7.69
LSM6DS3,181465,2.5,13.49,-7.69
LSM6DS3,186478,-8.67,-86.49,0.85
LSM6DS3,186478,-8.67,-86.49,0.85
LSM6DS3,191490,-0.61,-0.43,0.37
LSM6DS3,191490,-0.61,-0.43,0.37
LSM6DS3,196503,31.43,115.97,27.4
LSM6DS3,196503,31.43,115.97,27.4
LSM6DS3,201513,9.34,0.79,2.44
LSM6DS3,201513,9.34,0.79,2.44
LSM6DS3,206525,-2.32,-1.28,-1.04
LSM6DS3,206525,-2.32,-1.28,-1.04
LSM6DS3,211537,-0.24,-0.31,0.0
LSM6DS3,211537,-0.24,-0.31,0.0
LSM6DS3,216549,2.2,1.89,1.53
LSM6DS3,216549,2.2,1.89,1.53
LSM6DS3,221561,-113.28,-52.92,-138.98
LSM6DS3,226572,19.17,2.87,-36.68
LSM6DS3,226572,19.17,2.87,-36.68
LSM6DS3,231585,3.54,-5.13,-4.09
LSM6DS3,231585,3.54,-5.13,-4.09
LSM6DS3,236597,0.49,-0.79,2.38
LSM6DS3,241609,0.0,-0.61,1.89
LSM6DS3,246620,3.78,-3.17,4.09
LSM6DS3,251633,0.0,-1.46,0.73
LSM6DS3,251633,0.0,-1.46,0.73
LSM6DS3,256644,0.85,0.61,-0.37
LSM6DS3,256644,0.85,0.61,-0.37
LSM6DS3,261656,2.75,-2.01,-1.04
LSM6DS3,261656,2.75,-2.01,-1.04
LSM6DS3,266668,-4.88,-25.09,-5.98
LSM6DS3,266668,-4.88,-25.09,-5.98
LSM6DS3,271680,-5.68,4.27,-5.62
LSM6DS3,271680,-5.68,4.27,-5.62
LSM6DS3,276692,-1.1,-14.59,1.59
LSM6DS3,281704,-29.05,-13.18,-41.02
LSM6DS3,281704,-29.05,-13.18,-41.02
LSM6DS3,286716,25.57,-10.01,-9.34
LSM6DS3,286716,25.57,-10.01,-9.34
LSM6DS3,291728,1.28,1.89,2.08
LSM6DS3,291728,1.28,1.89,2.08
LSM6DS3,296739,1.04,1.34,0.24
LSM6DS3,301751,-51.33,-28.2,-19.78
LSM6DS3,301751,-51.33,-28.2,-19.78
LSM6DS3,306762,-13.49,-3.42,-3.36
LSM6DS3,306762,-13.49,-3.42,-3.36
LSM6DS3,311774,-0.31,-4.46,0.98
LSM6DS3,311774,-0.31,-4.46,0.98
LSM6DS3,316786,1.71,3.6,1.46
LSM6DS3,316786,1.71,3.6,1.46
LSM6DS3,321798,44.74,37.6,-12.08
LSM6DS3,321798,44.74,37.6,-12.08
LSM6DS3,326810,-0.06,-1.89,0.67
LSM6DS3,331822,0.06,9.22,-4.33
LSM6DS3,336832,-0.92,-0.12,-0.85
LSM6DS3,341844,0.67,0.12,-0.49
LSM6DS3,346857,0.49,0.24,0.0
LSM6DS3,447094,0.98,1.04,0.06
LSM6DS3,452106,-9.46,13.24,5.55
LSM6DS3,457118,0.49,33.75,56.58
LSM6DS3,462130,39.06,3.72,-17.15
LSM6DS3,467142,-32.53,-6.53,1.59
LSM6DS3,472154,-39.49,-15.14,-4.7
LSM6DS3,477165,0.85,0.61,-1.04
LSM6DS3,482177,1.71,-1.95,1.53
LSM6DS3,487189,27.16,21.67,-8.06
LSM6DS3,492201,-66.77,19.59,18.86
LSM6DS3,497214,151.67,50.48,-37.11
LSM6DS3,502227,-107.73,-126.34,21.85
LSM6DS3,507239,-2.38,5.07,1.59
LSM6DS3,512251,6.96,4.58,-3.78
LSM6DS3,517263,5.25,4.09,1.71
LSM6DS3,522275,-6.77,14.83,10.13
LSM6DS3,527287,0.0,-1.28,1.04
LSM6DS3,532299,3.17,0.98,-2.2
LSM6DS3,537311,-55.24,-5.92,66.47
LSM6DS3,542323,-67.57,-13.98,1.65
LSM6DS3,547336,2.75,-3.78,12.08
LSM6DS3,552348,6.35,6.16,-1.59
LSM6DS3,557360,1.77,-0.55,1.65
LSM6DS3,562373,-7.93,58.17,2.99
LSM6DS3,567384,-2.69,34.61,2.14
LSM6DS3,572396,-9.22,-1.46,-32.29
LSM6DS3,577408,5.25,1.04,-0.79
LSM6DS3,582421,0.98,0.18,0.37
LSM6DS3,587433,0.73,0.18,0.24
LSM6DS3,592446,0.37,0.06,0.49
LSM6DS3,597455,1.28,0.31,0.31
LSM6DS3,602467,0.49,0.43,0.24
LSM6DS3,607477,2.75,0.67,0.12
LSM6DS3,612490,-0.37,-1.46,2.62
LSM6DS3,617501,0.0,-0.06,0.37
LSM6DS3,622513,-0.06,0.55,0.98
LSM6DS3,627526,31.37,6.53,-6.23
LSM6DS3,632538,-1.16,-1.46,-2.2
LSM6DS3,637550,3.05,-0.37,1.04
LSM6DS3,642561,0.49,0.18,0.31
LSM6DS3,647573,-2.14,0.49,0.67
LSM6DS3,652586,-0.18,2.87,-6.53
LSM6DS3,657598,0.67,0.0,0.61
LSM6DS3,662611,0.85,-0.43,1.83
LSM6DS3,667623,-0.12,0.12,-1.22
LSM6DS3,672636,0.67,0.31,0.49
LSM6DS3,677647,0.61,0.31,0.24
LSM6DS3,682659,0.49,0.0,-0.12
LSM6DS3,687671,1.83,5.49,-26.98
LSM6DS3,692683,13.73,-2.38,-11.72
LSM6DS3,697693,-8.85,2.93,9.89
LSM6DS3,702704,0.67,9.64,12.21
LSM6DS3,707714,7.51,-0.49,-6.29
LSM6DS3,712725,3.91,-0.37,-3.91
LSM6DS3,717737,-3.36,1.65,5.86
LSM6DS3,722750,-1.04,0.31,2.38
LSM6DS3,727761,85.21,171.81,-64.64
LSM6DS3,732773,-0.67,6.53,10.38
LSM6DS3,737785,17.4,23.44,27.77
LSM6DS3,742797,0.55,0.24,0.37
LSM6DS3,747809,0.49,-10.38,-0.12
LSM6DS3,752819,0.73,1.71,0.12
LSM6DS3,757831,0.49,-1.34,-19.23
LSM6DS3,762843,0.55,0.24,0.31
LSM6DS3,767856,0.55,0.18,0.43
LSM6DS3,772867,0.61,0.06,0.24
LSM6DS3,777878,0.61,0.18,0.31
LSM6DS3,782891,0.55,0.24,0.24
LSM6DS3,787900,0.61,0.37,0.31
LSM6DS3,792911,0.61,-0.31,0.55
LSM6DS3,797923,0.55,0.24,0.31
LSM6DS3,802935,0.61,0.24,0.31
LSM6DS3,807947,0.55,0.24,0.31
LSM6DS3,812959,0.55,0.18,0.31
LSM6DS3,817969,0.61,0.24,0.31
LSM6DS3,822981,0.55,0.18,0.37
LSM6DS3,827994,0.43,0.0,0.37
LSM6DS3,833006,0.55,0.18,0.31
LSM6DS3,838018,0.67,0.31,0.31
LSM6DS3,843030,0.55,0.24,0.37
LSM6DS3,848042,0.61,0.18,0.43
LSM6DS3,853053,0.49,0.24,0.43
LSM6DS3,858066,0.67,0.31,0.31
LSM6DS3,863076,0.55,0.24,0.31
LSM6DS3,868088,0.55,0.06,0.37
LSM6DS3,873100,0.61,0.24,0.37
LSM6DS3,878112,0.55,0.0,0.37
LSM6DS3,883122,0.55,0.24,0.31
LSM6DS3,888134,0.55,0.24,0.37
LSM6DS3,893146,0.55,0.18,0.37
LSM6DS3,898158,0.55,0.18,0.31
LSM6DS3,903170,0.55,0.24,0.31
LSM6DS3,908182,0.55,0.24,0.31
LSM6DS3,913194,0.61,0.24,0.37
LSM6DS3,918206,0.61,0.18,0.31
LSM6DS3,923217,0.55,0.18,0.37
LSM6DS3,928227,0.61,0.24,0.31
LSM6DS3,933239,0.61,0.18,0.37
LSM6DS3,938251,0.55,0.24,0.31
LSM6DS3,943261,0.61,0.24,0.37
LSM6DS3,948273,0.55,0.24,0.31
LSM6DS3,953284,0.55,0.24,0.31
