Timestamp,Milliseconds,LightValue
2025-05-15 13:19:10,8425000,1023
2025-05-15 13:19:15,8430000,1023
2025-05-15 13:19:20,8435000,1022
2025-05-15 13:19:25,8440000,1023
2025-05-15 13:19:30,8445000,1023
2025-05-15 13:19:35,8450000,1023
2025-05-15 13:19:40,8455000,1023
2025-05-15 13:19:45,8460000,1023
2025-05-15 13:19:50,8465000,1023
2025-05-15 13:19:55,8470000,1023
2025-05-15 13:20:00,8475000,1023
2025-05-15 13:20:05,8480000,1023
2025-05-15 13:20:10,8485000,1023
2025-05-15 13:20:15,8490000,1023
2025-05-15 13:20:20,8495000,1023
2025-05-15 13:20:25,8500000,1023
2025-05-15 13:20:30,8505000,1023
2025-05-15 13:20:35,8510000,1023
2025-05-15 13:20:40,8515000,1023
2025-05-15 13:20:45,8520000,1023
2025-05-15 13:20:50,8525000,1023
2025-05-15 13:20:55,8530000,1023
2025-05-15 13:21:00,8535000,1023
2025-05-15 13:21:05,8540000,1023
2025-05-15 13:21:10,8545000,1023
2025-05-15 13:21:15,8550000,1023
2025-05-15 13:21:20,8555000,1023
2025-05-15 13:21:25,8560000,1023
2025-05-15 13:21:30,8565000,1023
2025-05-15 13:21:35,8570000,1023
2025-05-15 13:21:40,8575000,1023
2025-05-15 13:21:45,8580000,1023
2025-05-15 13:21:50,8585000,1023
2025-05-15 13:21:55,8590000,1023
2025-05-15 13:22:00,8595000,1023
2025-05-15 13:22:05,8600000,1022
2025-05-15 13:22:10,8605000,1023
2025-05-15 13:22:15,8610000,1023
2025-05-15 13:22:20,8615000,1023
2025-05-15 13:22:25,8620000,1023
2025-05-15 13:22:30,8625000,1023
2025-05-15 13:22:35,8630000,1023
2025-05-15 13:22:40,8635000,1023
2025-05-15 13:22:45,8640000,1023
2025-05-15 13:22:50,8645000,1023
2025-05-15 13:22:55,8650000,1023
2025-05-15 13:23:00,8655000,1022
2025-05-15 13:23:05,8660000,1023
2025-05-15 13:23:10,8665000,1023
2025-05-15 13:23:15,8670000,1023
2025-05-15 13:23:20,8675000,1023
2025-05-15 13:23:25,8680000,1023
2025-05-15 13:23:30,8685000,1023
2025-05-15 13:23:35,8690000,1023
2025-05-15 13:23:40,8695000,1023
2025-05-15 13:23:45,8700000,1023
2025-05-15 13:23:50,8705000,1023
2025-05-15 13:23:55,8710000,1023
2025-05-15 13:24:00,8715000,1023
2025-05-15 13:24:05,8720000,1023
2025-05-15 13:24:10,8725000,1023
2025-05-15 13:24:15,8730000,1023
2025-05-15 13:24:20,8735000,1023
2025-05-15 13:24:25,8740000,1023
2025-05-15 13:24:30,8745000,1023
2025-05-15 13:24:35,8750000,1023
2025-05-15 13:24:40,8755000,1023
2025-05-15 13:24:45,8760000,1023
2025-05-15 13:24:50,8765000,1023
2025-05-15 13:24:55,8770000,1023
2025-05-15 13:25:00,8775000,1023
2025-05-15 13:25:05,8780000,1023
2025-05-15 13:25:10,8785000,1023
2025-05-15 13:25:15,8790000,1022
2025-05-15 13:25:20,8795000,1023
2025-05-15 13:25:25,8800000,1023
2025-05-15 13:25:30,8805000,1023
2025-05-15 13:25:35,8810000,1023
2025-05-15 13:25:40,8815000,1023
2025-05-15 13:25:45,8820000,1023
2025-05-15 13:25:50,8825000,1023
2025-05-15 13:25:55,8830000,1023
2025-05-15 13:26:00,8835000,1023
2025-05-15 13:26:05,8840000,1023
2025-05-15 13:26:10,8845000,1023
2025-05-15 13:26:15,8850000,1023
2025-05-15 13:26:20,8855000,1023
2025-05-15 13:26:25,8860000,1023
2025-05-15 13:26:30,8865000,1023
2025-05-15 13:26:35,8870000,1023
2025-05-15 13:26:40,8875000,1023
2025-05-15 13:26:45,8880000,1023
2025-05-15 13:26:50,8885000,1023
2025-05-15 13:26:55,8890000,1023
2025-05-15 13:27:00,8895000,1023
2025-05-15 13:27:05,8900000,37
2025-05-15 13:27:10,8905000,36
2025-05-15 13:27:15,8910000,32
2025-05-15 13:27:20,8915000,1023
2025-05-15 13:27:25,8920000,1023
2025-05-15 13:27:30,8925000,31
2025-05-15 13:27:35,8930000,30
2025-05-15 13:27:40,8935000,33
2025-05-15 13:27:45,8940000,1023
2025-05-15 13:27:50,8945000,36
2025-05-15 13:27:55,8950000,40
2025-05-15 13:28:00,8955000,33
2025-05-15 13:28:05,8960000,1023
2025-05-15 13:28:10,8965000,35
2025-05-15 13:28:15,8970000,35
2025-05-15 13:28:20,8975000,28
2025-05-15 13:28:25,8980000,31
2025-05-15 13:28:30,8985000,1023
2025-05-15 13:28:35,8990000,32
2025-05-15 13:28:40,8995000,32
2025-05-15 13:28:45,9000000,33
2025-05-15 13:28:50,9005000,35
2025-05-15 13:28:55,9010000,35
2025-05-15 13:29:00,9015000,1023
2025-05-15 13:29:05,9020000,34
2025-05-15 13:29:10,9025000,34
2025-05-15 13:29:15,9030000,35
2025-05-15 13:29:20,9035000,32
2025-05-15 13:29:25,9040000,36
2025-05-15 13:29:30,9045000,27
2025-05-15 13:29:35,9050000,33
2025-05-15 13:29:40,9055000,35
2025-05-15 13:29:45,9060000,32
2025-05-15 13:29:50,9065000,38
2025-05-15 13:29:55,9070000,30
2025-05-15 13:30:00,9075000,28
2025-05-15 13:30:05,9080000,34
2025-05-15 13:30:10,9085000,32
2025-05-15 13:30:15,9090000,32
2025-05-15 13:30:20,9095000,36
2025-05-15 13:30:25,9100000,33
2025-05-15 13:30:30,9105000,34
2025-05-15 13:30:35,9110000,31
2025-05-15 13:30:40,9115000,34
2025-05-15 13:30:45,9120000,35
2025-05-15 13:30:50,9125000,37
2025-05-15 13:30:55,9130000,34
2025-05-15 13:31:00,9135000,33
2025-05-15 13:31:05,9140000,36
2025-05-15 13:31:10,9145000,31
2025-05-15 13:31:15,9150000,27
2025-05-15 13:31:20,9155000,34
2025-05-15 13:31:25,9160000,29
2025-05-15 13:31:30,9165000,1023
2025-05-15 13:31:35,9170000,27
2025-05-15 13:31:40,9175000,34
2025-05-15 13:31:45,9180000,35
2025-05-15 13:31:50,9185000,36
2025-05-15 13:31:55,9190000,28
2025-05-15 13:32:00,9195000,1023
2025-05-15 13:32:05,9200000,26
2025-05-15 13:32:10,9205000,30
2025-05-15 13:32:15,9210000,37
2025-05-15 13:32:20,9215000,32
2025-05-15 13:32:25,9220000,33
2025-05-15 13:32:30,9225000,33
2025-05-15 13:32:35,9230000,35
2025-05-15 13:32:40,9235000,37
2025-05-15 13:32:45,9240000,32
2025-05-15 13:32:50,9245000,38
2025-05-15 13:32:55,9250000,32
2025-05-15 13:33:00,9255000,28
2025-05-15 13:33:05,9260000,34
2025-05-15 13:33:10,9265000,28
2025-05-15 13:33:15,9270000,31
2025-05-15 13:33:20,9275000,31
2025-05-15 13:33:25,9280000,32
2025-05-15 13:33:30,9285000,33
2025-05-15 13:33:35,9290000,34
2025-05-15 13:33:40,9295000,35
2025-05-15 13:33:45,9300000,34
2025-05-15 13:33:50,9305000,32
2025-05-15 13:33:55,9310000,37
2025-05-15 13:34:00,9315000,28
2025-05-15 13:34:05,9320000,36
2025-05-15 13:34:10,9325000,32
2025-05-15 13:34:15,9330000,36
2025-05-15 13:34:20,9335000,26
2025-05-15 13:34:25,9340000,32
2025-05-15 13:34:30,9345000,32
2025-05-15 13:34:35,9350000,33
2025-05-15 13:34:40,9355000,35
2025-05-15 13:34:45,9360000,37
2025-05-15 13:34:50,9365000,33
2025-05-15 13:34:55,9370000,33
2025-05-15 13:35:00,9375000,34
2025-05-15 13:35:05,9380000,37
2025-05-15 13:35:10,9385000,35
2025-05-15 13:35:15,9390000,33
2025-05-15 13:35:20,9395000,39
2025-05-15 13:35:25,9400000,33
2025-05-15 13:35:30,9405000,36
2025-05-15 13:35:35,9410000,27
2025-05-15 13:35:40,9415000,32
2025-05-15 13:35:45,9420000,29
2025-05-15 13:35:50,9425000,27
2025-05-15 13:35:55,9430000,34
2025-05-15 13:36:00,9435000,27
2025-05-15 13:36:05,9440000,34
2025-05-15 13:36:10,9445000,34
2025-05-15 13:36:15,9450000,34
2025-05-15 13:36:20,9455000,34
2025-05-15 13:36:25,9460000,31
2025-05-15 13:36:30,9465000,47
2025-05-15 13:36:35,9470000,36
2025-05-15 13:36:40,9475000,27
2025-05-15 13:36:45,9480000,32
2025-05-15 13:36:50,9485000,34
2025-05-15 13:36:55,9490000,34
2025-05-15 13:37:00,9495000,26
2025-05-15 13:37:05,9500000,37
2025-05-15 13:37:10,9505000,32
2025-05-15 13:37:15,9510000,33
2025-05-15 13:37:20,9515000,30
2025-05-15 13:37:25,9520000,29
2025-05-15 13:37:30,9525000,33
2025-05-15 13:37:35,9530000,37
2025-05-15 13:37:40,9535000,1023
2025-05-15 13:37:45,9540000,1023
2025-05-15 13:37:50,9545000,1021
2025-05-15 13:37:55,9550000,1023
2025-05-15 13:38:00,9555000,1023
2025-05-15 13:38:05,9560000,1023
2025-05-15 13:38:10,9565000,1014
2025-05-15 13:38:15,9570000,993
2025-05-15 13:38:20,9575000,32
2025-05-15 13:38:25,9580000,1023
2025-05-15 13:38:30,9585000,27
2025-05-15 13:38:35,9590000,1023
2025-05-15 13:38:40,9595000,34
2025-05-15 13:38:45,9600000,33
2025-05-15 13:38:50,9605000,30
2025-05-15 13:38:55,9610000,33
2025-05-15 13:39:00,9615000,1021
2025-05-15 13:39:05,9620000,1023
2025-05-15 13:39:10,9625000,1023
2025-05-15 13:39:15,9630000,1023
2025-05-15 13:39:20,9635000,1023
2025-05-15 13:39:25,9640000,1023
2025-05-15 13:39:30,9645000,1023
2025-05-15 13:39:35,9650000,1023
2025-05-15 13:39:40,9655000,1023
2025-05-15 13:39:45,9660000,1023
2025-05-15 13:39:50,9665000,1023
2025-05-15 13:39:55,9670000,1023
2025-05-15 13:40:00,9675000,1022
2025-05-15 13:40:05,9680000,1023
2025-05-15 13:40:10,9685000,1023
2025-05-15 13:40:15,9690000,1023
2025-05-15 13:40:20,9695000,1023
2025-05-15 13:40:25,9700000,1023
2025-05-15 13:40:30,9705000,1023
2025-05-15 13:40:35,9710000,1023
2025-05-15 13:40:40,9715000,1023
2025-05-15 13:40:45,9720000,1023
2025-05-15 13:40:50,9725000,1023
2025-05-15 13:40:55,9730000,1023
2025-05-15 13:41:00,9735000,1023
2025-05-15 13:41:05,9740000,1023
2025-05-15 13:41:10,9745000,1023
2025-05-15 13:41:15,9750000,1021
2025-05-15 13:41:20,9755000,1023
2025-05-15 13:41:25,9760000,1023
2025-05-15 13:41:30,9765000,1023
2025-05-15 13:41:35,9770000,1023
2025-05-15 13:41:40,9775000,1023
2025-05-15 13:41:45,9780000,1023
2025-05-15 13:41:50,9785000,1023
2025-05-15 13:41:55,9790000,1023
2025-05-15 13:42:00,9795000,1023
2025-05-15 13:42:05,9800000,1023
2025-05-15 13:42:10,9805000,1023
2025-05-15 13:42:15,9810000,1023
2025-05-15 13:42:20,9815000,1023
2025-05-15 13:42:25,9820000,1023
2025-05-15 13:42:30,9825000,1023
2025-05-15 13:42:35,9830000,1023
2025-05-15 13:42:40,9835000,1023
2025-05-15 13:42:45,9840000,1023
2025-05-15 13:42:50,9845000,1023
2025-05-15 13:42:55,9850000,1023
2025-05-15 13:43:00,9855000,1023
2025-05-15 13:43:05,9860000,1023
2025-05-15 13:43:10,9865000,1023
2025-05-15 13:43:15,9870000,1023
2025-05-15 13:43:20,9875000,1023
2025-05-15 13:43:25,9880000,1023
2025-05-15 13:43:30,9885000,1023
2025-05-15 13:43:35,9890000,1023
2025-05-15 13:43:40,9895000,1022
2025-05-15 13:43:45,9900000,27
2025-05-15 13:43:50,9905000,33
2025-05-15 13:43:55,9910000,1023
2025-05-15 13:44:00,9915000,1023
2025-05-15 13:44:05,9920000,1023
2025-05-15 13:44:10,9925000,1023
2025-05-15 13:44:15,9930000,1023
2025-05-15 13:44:20,9935000,1023
2025-05-15 13:44:25,9940000,1023
2025-05-15 13:44:30,9945000,1023
2025-05-15 13:44:35,9950000,1022
2025-05-15 13:44:40,9955000,1023
2025-05-15 13:44:45,9960000,1023
2025-05-15 13:44:50,9965000,1023
2025-05-15 13:44:55,9970000,1023
2025-05-15 13:45:00,9975000,1023
2025-05-15 13:45:05,9980000,1022
2025-05-15 13:45:10,9985000,1023
2025-05-15 13:45:15,9990000,1023
2025-05-15 13:45:20,9995000,1023
2025-05-15 13:45:25,10000000,1023
2025-05-15 13:45:30,10005000,1023
2025-05-15 13:45:35,10010000,1023
2025-05-15 13:45:40,10015000,1023
2025-05-15 13:45:45,10020000,1023
2025-05-15 13:45:50,10025000,1023
2025-05-15 13:45:55,10030000,1023
2025-05-15 13:46:00,10035000,1023
2025-05-15 13:46:05,10040000,1023
2025-05-15 13:46:10,10045000,1023
2025-05-15 13:46:15,10050000,1023
2025-05-15 13:46:20,10055000,1023
2025-05-15 13:46:25,10060000,1023
2025-05-15 13:46:30,10065000,1023
2025-05-15 13:46:35,10070000,1023
2025-05-15 13:46:40,10075000,1023
2025-05-15 13:46:45,10080000,1023
2025-05-15 13:46:50,10085000,1023
2025-05-15 13:46:55,10090000,1023
2025-05-15 13:47:00,10095000,1023
2025-05-15 13:47:05,10100000,1023
2025-05-15 13:47:10,10105000,1023
2025-05-15 13:47:15,10110000,1023
2025-05-15 13:47:20,10115000,1023
2025-05-15 13:47:25,10120000,1023
2025-05-15 13:47:30,10125000,1023
2025-05-15 13:47:35,10130000,1023
2025-05-15 13:47:40,10135000,1023
2025-05-15 13:47:45,10140000,1023
2025-05-15 13:47:50,10145000,1023
2025-05-15 13:47:55,10150000,1023
2025-05-15 13:48:00,10155000,1023
2025-05-15 13:48:05,10160000,1023
2025-05-15 13:48:10,10165000,1023
2025-05-15 13:48:15,10170000,1023
2025-05-15 13:48:20,10175000,1023
2025-05-15 13:48:25,10180000,1023
2025-05-15 13:48:30,10185000,1022
2025-05-15 13:48:35,10190000,1023
2025-05-15 13:48:40,10195000,1023
2025-05-15 13:48:45,10200000,1023
2025-05-15 13:48:50,10205000,1023
2025-05-15 13:48:55,10210000,1023
2025-05-15 13:49:00,10215000,1023
2025-05-15 13:49:05,10220000,1023
2025-05-15 13:49:10,10225000,1023
2025-05-15 13:49:15,10230000,1023
2025-05-15 13:49:20,10235000,1023
2025-05-15 13:49:25,10240000,1023
2025-05-15 13:49:30,10245000,1023
2025-05-15 13:49:35,10250000,1023
2025-05-15 13:49:40,10255000,1023
2025-05-15 13:49:45,10260000,1023
2025-05-15 13:49:50,10265000,1023
2025-05-15 13:49:55,10270000,1023
2025-05-15 13:50:00,10275000,1023
2025-05-15 13:50:05,10280000,1023
2025-05-15 13:50:10,10285000,1023
2025-05-15 13:50:15,10290000,1022
2025-05-15 13:50:20,10295000,1021
2025-05-15 13:50:25,10300000,1023
2025-05-15 13:50:30,10305000,1023
2025-05-15 13:50:35,10310000,1023
2025-05-15 13:50:40,10315000,1023
2025-05-15 13:50:45,10320000,1023
2025-05-15 13:50:50,10325000,1023
2025-05-15 13:50:55,10330000,1023
2025-05-15 13:51:00,10335000,1023
2025-05-15 13:51:05,10340000,1023
2025-05-15 13:51:10,10345000,1023
2025-05-15 13:51:15,10350000,1023
2025-05-15 13:51:20,10355000,1023
2025-05-15 13:51:25,10360000,1023
2025-05-15 13:51:30,10365000,1023
2025-05-15 13:51:35,10370000,31
2025-05-15 13:51:40,10375000,31
2025-05-15 13:51:45,10380000,33
2025-05-15 13:51:50,10385000,38
2025-05-15 13:51:55,10390000,35
2025-05-15 13:52:00,10395000,38
2025-05-15 13:52:05,10400000,29
2025-05-15 13:52:10,10405000,35
2025-05-15 13:52:15,10410000,34
2025-05-15 13:52:20,10415000,28
2025-05-15 13:52:25,10420000,35
2025-05-15 13:52:30,10425000,33
2025-05-15 13:52:35,10430000,34
2025-05-15 13:52:40,10435000,1023
2025-05-15 13:52:45,10440000,35
2025-05-15 13:52:50,10445000,33
2025-05-15 13:52:55,10450000,34
2025-05-15 13:53:00,10455000,35
2025-05-15 13:53:05,10460000,34
2025-05-15 13:53:10,10465000,27
2025-05-15 13:53:15,10470000,34
2025-05-15 13:53:20,10475000,33
2025-05-15 13:53:25,10480000,36
2025-05-15 13:53:30,10485000,32
2025-05-15 13:53:35,10490000,36
2025-05-15 13:53:40,10495000,34
2025-05-15 13:53:45,10500000,36
2025-05-15 13:53:50,10505000,31
2025-05-15 13:53:55,10510000,26
2025-05-15 13:54:00,10515000,35
2025-05-15 13:54:05,10520000,33
2025-05-15 13:54:10,10525000,37
2025-05-15 13:54:15,10530000,33
2025-05-15 13:54:20,10535000,37
2025-05-15 13:54:25,10540000,32
2025-05-15 13:54:30,10545000,34
2025-05-15 13:54:35,10550000,33
2025-05-15 13:54:40,10555000,31
2025-05-15 13:54:45,10560000,28
2025-05-15 13:54:50,10565000,33
2025-05-15 13:54:55,10570000,29
2025-05-15 13:55:00,10575000,26
2025-05-15 13:55:05,10580000,34
2025-05-15 13:55:10,10585000,27
2025-05-15 13:55:15,10590000,34
2025-05-15 13:55:20,10595000,34
2025-05-15 13:55:25,10600000,33
2025-05-15 13:55:30,10605000,33
2025-05-15 13:55:35,10610000,36
2025-05-15 13:55:40,10615000,36
2025-05-15 13:55:45,10620000,34
2025-05-15 13:55:50,10625000,27
2025-05-15 13:55:55,10630000,33
2025-05-15 13:56:00,10635000,37
2025-05-15 13:56:05,10640000,29
2025-05-15 13:56:10,10645000,34
2025-05-15 13:56:15,10650000,26
2025-05-15 13:56:20,10655000,36
2025-05-15 13:56:25,10660000,26
2025-05-15 13:56:30,10665000,1023
2025-05-15 13:56:35,10670000,1023
2025-05-15 13:56:40,10675000,1023
2025-05-15 13:56:45,10680000,1023
2025-05-15 13:56:50,10685000,1023
2025-05-15 13:56:55,10690000,30
2025-05-15 13:57:00,10695000,1023
2025-05-15 13:57:05,10700000,1023
2025-05-15 13:57:10,10705000,1023
2025-05-15 13:57:15,10710000,33
2025-05-15 13:57:20,10715000,30
2025-05-15 13:57:25,10720000,32
2025-05-15 13:57:30,10725000,26
2025-05-15 13:57:35,10730000,33
2025-05-15 13:57:40,10735000,30
2025-05-15 13:57:45,10740000,32
2025-05-15 13:57:50,10745000,39
2025-05-15 13:57:55,10750000,36
2025-05-15 13:58:00,10755000,32
2025-05-15 13:58:05,10760000,35
2025-05-15 13:58:10,10765000,30
2025-05-15 13:58:15,10770000,36
2025-05-15 13:58:20,10775000,37
2025-05-15 13:58:25,10780000,35
2025-05-15 13:58:30,10785000,34
2025-05-15 13:58:35,10790000,31
2025-05-15 13:58:40,10795000,35
2025-05-15 13:58:45,10800000,33
2025-05-15 13:58:50,10805000,34
2025-05-15 13:58:55,10810000,36
2025-05-15 13:59:00,10815000,34
2025-05-15 13:59:05,10820000,35
2025-05-15 13:59:10,10825000,32
2025-05-15 13:59:15,10830000,36
2025-05-15 13:59:20,10835000,37
2025-05-15 13:59:25,10840000,29
2025-05-15 13:59:30,10845000,35
2025-05-15 13:59:35,10850000,37
2025-05-15 13:59:40,10855000,26
2025-05-15 13:59:45,10860000,32
2025-05-15 13:59:50,10865000,26
2025-05-15 13:59:55,10870000,35
2025-05-15 14:00:00,10875000,35
2025-05-15 14:00:05,10880000,36
2025-05-15 14:00:10,10885000,26
2025-05-15 14:00:15,10890000,32
2025-05-15 14:00:20,10895000,26
2025-05-15 14:00:25,10900000,34
2025-05-15 14:00:30,10905000,32
2025-05-15 14:00:35,10910000,34
2025-05-15 14:00:40,10915000,27
2025-05-15 14:00:45,10920000,34
2025-05-15 14:00:50,10925000,34
2025-05-15 14:00:55,10930000,27
2025-05-15 14:01:00,10935000,28
2025-05-15 14:01:05,10940000,32
2025-05-15 14:01:10,10945000,33
2025-05-15 14:01:15,10950000,35
2025-05-15 14:01:20,10955000,31
2025-05-15 14:01:25,10960000,30
2025-05-15 14:01:30,10965000,35
2025-05-15 14:01:35,10970000,32
2025-05-15 14:01:40,10975000,38
