Time,Temperature (°C),Humidity (%)
10:56:40,29.4,61.7
10:56:41,29.4,61.7
10:56:44,29.4,61.7
10:56:47,29.4,61.7
10:56:50,29.4,61.8
10:56:53,29.4,61.7
10:56:56,29.4,61.8
10:56:59,29.3,62.0
10:57:02,29.4,63.7
10:57:05,29.3,64.6
10:57:09,29.4,63.9
10:57:12,29.3,63.5
10:57:15,29.3,63.1
10:57:18,29.3,63.0
10:57:21,29.3,62.8
10:57:24,29.2,62.8
10:57:27,29.2,62.7
10:57:30,29.2,62.7
10:57:33,29.2,62.7
10:57:36,29.2,62.7
10:57:39,29.1,62.6
10:57:42,29.1,62.6
10:57:45,29.1,62.6
10:57:48,29.1,62.6
10:57:51,29.1,62.7
10:57:54,29.1,62.7
10:57:57,29.1,62.7
10:58:00,29.1,62.7
10:58:03,29.1,62.7
10:58:06,29.1,62.8
10:58:09,29.0,62.7
10:58:12,29.1,62.8
10:58:15,29.1,62.8
10:58:18,29.1,62.8
10:58:21,29.1,62.8
10:58:24,29.1,62.8
10:58:27,29.1,62.8
10:58:30,29.1,62.8
10:58:33,29.1,62.7
10:58:36,29.1,62.7
10:58:39,29.1,62.7
10:58:42,29.1,62.7
10:58:45,29.1,62.7
10:58:48,29.1,62.7
10:58:51,29.1,62.6
10:58:54,29.1,62.7
10:58:57,29.1,62.7
10:59:00,29.1,62.7
10:59:03,29.1,62.7
10:59:06,29.1,62.7
10:59:09,29.1,62.7
10:59:12,29.1,62.7
10:59:15,29.1,62.7
10:59:18,29.1,62.7
10:59:21,29.1,62.7
10:59:24,29.1,62.7
10:59:27,29.1,62.6
10:59:30,29.1,62.6
10:59:33,29.1,62.6
10:59:36,29.1,62.6
10:59:39,29.1,62.7
10:59:42,29.1,62.7
10:59:45,29.1,62.8
10:59:48,29.1,62.8
10:59:51,29.1,62.8
10:59:54,29.1,62.8
10:59:57,29.1,62.7
11:00:00,29.1,62.7
11:00:03,29.1,62.7
11:00:06,29.1,62.8
11:00:09,29.1,62.8
11:00:12,29.1,62.8
11:00:15,29.1,62.7
11:00:18,29.1,62.7
11:00:21,29.1,62.7
11:00:24,29.0,62.7
11:00:27,29.1,62.7
11:00:30,29.0,62.7
11:00:33,29.0,62.7
11:00:36,29.0,62.8
11:00:39,29.0,62.8
11:00:42,29.0,62.8
11:00:45,29.0,62.8
11:00:48,29.0,62.8
11:00:51,29.0,62.8
11:00:54,29.0,62.9
11:00:57,29.0,62.8
11:01:00,29.1,62.9
11:01:03,29.1,62.8
11:01:06,29.0,62.8
11:01:09,29.0,62.8
11:01:12,29.0,62.8
11:01:15,29.1,62.7
11:01:18,29.0,62.7
11:01:21,29.0,62.7
11:01:24,29.0,62.7
11:01:27,29.0,62.7
11:01:30,29.0,62.8
11:01:33,29.0,62.8
11:01:36,29.1,62.8
11:01:39,29.1,62.8
11:01:42,29.1,62.7
11:01:45,29.1,62.7
11:01:48,29.1,62.8
11:01:51,29.1,62.7
11:01:54,29.1,62.6
11:01:57,29.1,62.6
11:02:00,29.1,62.8
11:02:03,29.2,62.8
11:02:06,29.2,62.7
11:02:09,29.2,62.6
11:02:12,29.2,62.6
11:02:15,29.2,62.6
11:02:18,29.2,62.5
11:02:21,29.2,62.5
11:02:24,29.2,62.5
11:02:27,29.2,62.5
11:02:30,29.2,62.5
11:02:33,29.2,62.4
11:02:36,29.2,62.4
11:02:39,29.2,62.4
11:02:42,29.2,62.4
11:02:45,29.2,62.4
11:02:48,29.2,62.4
11:02:51,31.4,89.9
11:02:54,31.4,99.6
11:02:57,31.2,100.0
11:03:00,30.9,100.0
11:03:03,30.6,94.9
11:03:06,30.1,93.5
11:03:09,30.0,91.4
11:03:12,29.8,87.8
11:03:15,30.0,81.3
11:03:18,30.6,76.1
11:03:21,31.1,71.8
11:03:24,31.3,69.0
11:03:27,31.4,66.5
11:03:30,31.7,64.1
11:03:33,32.1,62.1
11:03:36,32.5,60.3
11:03:39,33.2,58.7
11:03:42,34.1,56.9
11:03:45,34.7,55.1
11:03:48,35.1,53.6
11:03:51,35.3,52.3
11:03:54,35.9,51.2
11:03:57,36.5,50.0
11:04:00,36.9,48.9
11:04:03,37.2,47.9
11:04:06,37.2,47.7
11:04:09,37.7,46.8
11:04:12,38.2,46.0
11:04:15,38.6,45.2
11:04:18,38.9,44.4
11:04:21,39.0,43.8
11:04:24,39.1,43.2
11:04:27,39.2,42.8
11:04:30,39.2,42.4
11:04:33,39.2,42.2
11:04:36,39.3,42.0
11:04:39,39.3,41.9
11:04:43,39.2,41.8
11:04:46,39.1,41.7
11:04:49,39.0,41.8
11:04:52,38.9,41.8
11:04:55,38.7,41.9
11:04:58,38.6,42.1
11:05:01,38.5,42.2
11:05:04,38.5,42.4
11:05:07,38.6,42.4
11:05:10,38.6,42.4
11:05:13,38.7,42.3
11:05:16,38.8,42.2
11:05:19,39.0,42.1
11:05:22,39.0,41.9
11:05:25,39.1,41.9
11:05:28,39.1,41.8
11:05:31,39.2,41.8
11:05:34,39.3,41.7
11:05:37,39.4,41.5
11:05:40,39.5,41.4
11:05:43,39.6,41.3
11:05:46,39.6,41.1
11:05:49,39.7,41.0
11:05:52,39.8,40.8
11:05:55,39.7,40.7
11:05:58,39.7,40.8
11:06:01,39.7,40.8
11:06:04,39.6,40.8
11:06:07,39.6,40.7
11:06:10,39.5,40.6
11:06:13,39.5,40.7
11:06:16,39.5,40.7
11:06:19,39.4,40.8
11:06:22,39.5,40.8
11:06:25,39.3,40.7
11:06:28,39.1,40.8
11:06:31,38.8,41.0
11:06:34,38.4,41.4
11:06:37,37.9,41.7
11:06:40,37.5,42.2
11:06:43,37.2,42.8
11:06:46,36.8,43.4
11:06:49,36.5,44.0
11:06:52,36.2,44.5
11:06:55,36.0,45.0
11:06:58,35.6,45.6
11:07:01,35.4,46.0
11:07:04,35.2,46.6
11:07:07,35.0,47.0
11:07:10,34.8,47.5
11:07:13,34.7,47.9
11:07:16,34.5,48.2
11:07:19,34.4,48.7
11:07:22,34.2,49.0
11:07:25,34.0,49.4
11:07:28,33.8,49.7
11:07:31,33.7,50.3
11:07:34,33.6,50.5
11:07:37,33.5,50.8
11:07:40,33.4,51.1
11:07:43,33.3,51.3
11:07:46,33.2,51.6
11:07:49,33.1,51.7
