Timestamp,x,y,z
1740959378,-7.94,-0.5,0.83
1740959378,-8.56,-3.6,-8.68
1740959378,-3.59,2.45,-4.72
1740959378,4.67,2.01,-34.47
1740959378,6.55,-8.03,9.53
1740959378,2.05,0.58,-9.42
1740959378,-4.38,1.75,-4.95
1740959378,-25.91,-3.76,13.96
1740959378,-4.88,-8.5,-1.64
1740959378,1.23,7.47,7.56
1740959379,0.32,-8.89,-2.21
1740959379,-0.99,-5.74,-4.14
1740959379,-4.37,9.22,-7.51
1740959379,3.65,-9.83,0.09
1740959379,-8.22,6.0,2.27
1740959379,-1.48,3.74,-3.83
1740959379,-1.13,-8.74,6.45
1740959379,5.55,-8.38,-6.2
1740959379,-0.72,4.71,-8.34
1740959379,9.11,7.36,-8.64
1740959380,37.53,-3.54,-41.32
1740959380,-0.04,2.81,3.76
1740959380,3.93,-0.35,7.47
1740959380,20.51,31.43,37.58
1740959380,-9.12,6.69,-7.69
1740959380,0.95,4.02,-5.39
1740959380,-1.17,6.12,-9.14
1740959380,3.43,-9.62,-5.59
1740959380,1.9,5.47,-6.54
1740959380,8.21,0.04,-9.01
1740959381,-4.88,-5.39,2.05
1740959381,-2.52,6.06,-7.0
1740959381,3.28,0.27,1.68
1740959381,-8.62,5.44,9.43
1740959381,-9.29,-8.59,5.96
1740959381,5.41,8.91,3.26
1740959381,-8.47,0.74,-8.77
1740959381,6.7,-9.16,-7.1
1740959381,0.56,-2.14,-0.92
1740959381,196.55,103.32,6.52
1740959382,-4.07,-7.21,-6.72
1740959382,-9.78,9.47,-6.38
1740959382,6.53,0.14,9.88
1740959382,137.5,45.47,143.36
1740959382,-4.07,7.94,-8.3
1740959382,7.98,7.87,-8.75
1740959382,9.08,-9.64,7.84
1740959382,-6.83,3.58,-3.44
1740959382,-7.81,-8.88,4.71
1740959382,-5.87,-1.86,2.14
1740959383,7.45,-6.33,5.68
1740959383,-6.02,-0.2,1.2
1740959383,-1.3,0.93,-0.74
1740959383,-7.99,-1.23,4.0
1740959383,-1.61,3.1,9.49
1740959383,-4.33,9.78,9.26
1740959383,7.76,-1.87,-45.59
1740959383,137.33,-46.71,96.96
1740959383,-6.39,-7.31,-6.65
1740959383,7.88,4.7,-2.89
1740959384,4.77,0.82,-0.49
1740959384,-0.51,4.01,6.45
1740959384,-8.1,-5.63,-6.74
1740959384,-4.13,-6.73,-4.39
1740959384,-6.46,1.57,7.97
1740959384,-0.16,-9.89,-8.53
1740959384,-7.37,-3.77,7.59
1740959384,3.86,2.93,-5.43
1740959384,-3.51,-4.47,9.23
1740959384,1.75,5.75,3.28
1740959385,4.2,-4.31,4.54
1740959385,-4.97,3.36,-7.78
1740959385,-9.69,1.43,3.86
1740959385,-7.06,-9.52,-7.64
1740959385,-1.97,3.03,1.87
1740959385,-4.41,-0.04,-6.43
1740959385,8.75,2.57,6.66
1740959385,6.43,0.32,-5.57
1740959385,-45.48,-1.52,45.49
1740959385,9.22,-6.67,8.17
1740959386,-3.69,-5.66,-9.81
1740959386,-6.32,-9.68,-1.25
1740959386,-10.59,-23.16,-35.1
1740959386,-4.92,-5.0,6.71
1740959386,-0.05,-4.13,-3.01
1740959386,5.99,-2.52,-6.51
1740959386,-1.71,0.12,0.69
1740959386,-4.47,-2.91,2.12
1740959386,81.34,69.55,-21.73
1740959386,7.8,5.88,-5.76
1740959387,40.02,-16.88,15.15
1740959387,8.1,-7.3,-6.58
1740959387,-3.29,0.4,1.54
1740959387,-4.61,4.09,-1.35
1740959387,3.6,-4.96,-0.61
1740959387,-9.35,-2.47,2.84
1740959387,-3.64,-2.87,-3.18
1740959387,-5.32,3.88,0.36
1740959387,3.06,6.07,9.87
1740959387,-2.4,-1.75,4.1
1740959388,4.94,8.04,-6.96
1740959388,9.3,-6.45,1.6
1740959388,9.72,-3.04,3.36
1740959388,9.54,-0.55,-1.1
1740959388,-1.85,-1.75,9.23
1740959388,-9.99,-8.1,-9.69
1740959388,4.01,2.02,2.3
1740959388,9.49,1.99,2.02
1740959388,4.5,-7.84,-7.88
1740959388,6.03,-3.35,-4.74
1740959389,-4.74,9.19,9.27
1740959389,-9.23,6.12,2.6
1740959389,3.36,-8.86,1.85
1740959389,0.7,4.85,-5.45
1740959389,-9.47,-9.74,-2.14
1740959389,5.26,6.32,-1.89
1740959389,0.43,-5.56,-5.8
1740959389,2.18,-5.84,9.14
1740959389,6.22,-6.56,8.58
1740959389,6.3,2.73,8.08
1740959390,-8.0,-5.83,1.07
1740959390,4.34,-2.86,-6.24
1740959390,-8.77,-9.1,-9.27
1740959390,-3.41,48.57,-41.21
1740959390,8.94,-0.65,-9.14
1740959390,4.54,8.25,1.67
1740959390,8.87,-1.85,-9.47
1740959390,4.52,9.54,-9.84
1740959390,-18.96,13.19,14.02
1740959390,-2.08,7.41,-2.87
1740959391,1.33,-0.74,-7.85
1740959391,6.63,2.9,8.3
1740959391,-8.99,2.24,0.69
1740959391,-14.76,-27.63,-18.07
1740959391,43.32,-44.35,-16.82
1740959391,8.17,5.49,-8.05
1740959391,-5.5,-2.82,-3.58
1740959391,-5.09,-2.4,-4.53
1740959391,-3.18,41.52,-22.67
1740959391,-5.56,-30.6,26.95
1740959392,7.75,4.32,2.77
1740959392,-3.19,-0.7,-7.81
1740959392,-3.51,-1.31,-0.48
1740959392,4.77,9.75,-8.84
1740959392,-4.16,-2.97,-3.33
1740959392,-6.26,-6.56,4.16
1740959392,-10.75,47.53,-48.82
1740959392,8.77,-0.49,-2.64
1740959392,0.13,3.7,8.84
1740959392,5.16,-3.15,9.95
1740959393,1.53,-6.36,-3.75
1740959393,1.59,-4.0,-4.0
1740959393,-8.84,-0.33,5.26
1740959393,1.55,3.88,8.88
1740959393,-9.34,-7.8,-3.15
1740959393,-7.81,-8.01,-9.53
1740959393,-5.59,-1.21,-1.38
1740959393,-7.6,-2.36,-2.35
1740959393,9.35,7.56,3.21
1740959393,-8.21,-1.66,3.46
1740959394,-4.35,-1.29,-5.19
1740959394,-6.97,6.36,-2.86
1740959394,7.72,3.08,-9.06
1740959394,-5.36,2.59,-7.33
1740959394,2.12,0.71,2.4
1740959394,4.72,-4.1,-6.63
1740959394,-8.79,-1.19,6.35
1740959394,-3.03,-8.45,3.28
1740959394,6.18,-9.25,-8.17
1740959394,3.69,4.07,8.67
1740959395,5.05,-7.06,-7.83
1740959395,1.11,1.96,-8.87
1740959395,-6.39,-8.94,2.09
1740959395,-7.62,-3.24,-7.78
1740959395,1.95,7.39,3.45
1740959395,-7.19,3.37,-4.25
1740959395,-2.94,3.83,-8.06
1740959395,-5.46,3.11,-3.2
1740959395,-6.8,6.07,9.18
1740959395,23.5,-26.41,50.43
1740959396,-9.42,9.46,-6.61
1740959396,0.86,-3.35,5.33
1740959396,6.78,-8.04,-8.37
1740959396,33.94,28.73,-35.3
1740959396,-49.27,-94.77,-57.17
1740959396,-2.47,1.93,1.81
1740959396,-1.78,1.54,13.98
1740959396,-4.81,3.59,6.13
1740959396,-8.39,2.97,-0.55
1740959396,-22.95,23.46,-5.87
1740959397,2.21,0.06,7.73
1740959397,4.23,-6.22,-8.54
1740959397,5.82,-1.75,-8.31
1740959397,3.84,9.79,-5.41
1740959397,7.91,7.9,3.99
1740959397,-6.85,-3.56,3.13
1740959397,-24.05,38.59,15.32
1740959397,0.28,-0.0,-7.14
1740959397,-0.92,-3.1,-8.49
1740959397,2.37,-7.77,8.89
1740959398,7.6,6.87,-2.7
1740959398,-15.32,-13.66,-14.5
1740959398,6.84,6.39,8.1
1740959398,7.77,1.37,-5.83
1740959398,-0.37,2.94,-4.45
1740959398,-1.07,-10.0,-5.87
1740959398,8.16,7.9,5.57
1740959398,5.22,-9.97,-3.84
1740959398,2.73,-7.3,-4.75
1740959398,-0.32,4.6,6.46
1740959399,-11.85,22.13,10.33
1740959399,-4.08,-4.0,8.09
1740959399,-8.58,5.37,-0.8
1740959399,-1.49,7.24,6.38
1740959399,6.11,8.7,-1.07
1740959399,-5.04,8.96,-4.26
1740959399,3.16,8.39,-2.59
1740959399,4.5,9.9,2.75
1740959399,7.95,0.44,-7.83
1740959399,-5.24,2.84,0.68
1740959400,5.32,7.69,9.9
1740959400,-0.95,1.36,7.66
1740959400,8.43,-6.17,6.36
1740959400,-5.08,-7.0,4.29
1740959400,-3.78,-7.26,5.7
1740959400,8.52,-4.08,-1.82
1740959400,-5.57,-4.57,6.46
1740959400,0.51,-6.57,7.96
1740959400,4.72,-1.66,-3.43
1740959400,-2.5,-3.88,7.27
1740959401,-9.33,9.09,8.51
1740959401,-8.02,-5.08,7.52
1740959401,-169.16,97.76,23.08
1740959401,6.85,-8.51,-7.9
1740959401,-6.73,0.53,-8.09
1740959401,-7.12,8.9,2.33
1740959401,9.55,3.67,-8.03
1740959401,2.88,6.82,8.99
1740959401,-5.8,-5.52,-9.06
1740959401,-5.15,1.03,-5.38
1740959402,-8.63,1.39,8.24
1740959402,-7.37,4.52,-8.73
1740959402,9.28,1.89,6.79
1740959402,9.42,-9.5,4.37
1740959402,-1.77,-4.3,1.92
1740959402,48.82,-3.82,11.37
1740959402,1.88,-1.39,7.68
1740959402,-6.3,-45.55,-10.22
1740959402,4.61,1.4,2.32
1740959402,-4.78,9.16,-8.48
1740959403,-7.51,-0.08,0.75
1740959403,9.52,6.86,5.32
1740959403,-6.72,0.14,1.7
1740959403,5.85,3.38,-3.82
1740959403,1.88,-1.55,4.4
1740959403,-5.32,-2.23,-8.21
1740959403,-3.39,6.69,0.71
1740959403,5.84,5.91,-9.86
1740959403,-4.3,9.22,4.22
1740959403,-5.4,-0.96,-4.46
1740959404,-0.02,5.39,-6.09
1740959404,-9.45,4.76,3.5
1740959404,29.78,-9.43,-14.02
1740959404,1.41,-1.06,2.24
1740959404,-9.59,-3.09,4.94
1740959404,7.02,-5.51,2.58
1740959404,2.87,-3.53,-9.93
1740959404,-7.81,-6.48,3.2
1740959404,0.06,8.3,2.79
1740959404,6.99,-7.6,-0.58
1740959405,-3.89,-5.18,9.55
1740959405,-1.49,-7.44,0.84
1740959405,-7.01,-3.2,8.89
1740959405,-3.78,-8.06,0.95
1740959405,-2.83,-1.46,9.59
1740959405,2.14,4.38,-6.12
1740959405,3.61,-6.68,9.04
1740959405,-9.42,-4.47,2.09
1740959405,-3.49,3.68,5.32
1740959405,1.56,2.67,-8.59
1740959406,2.31,-3.31,4.93
1740959406,3.04,-168.61,-109.82
1740959406,-6.34,-3.09,5.59
1740959406,2.0,8.25,-9.05
1740959406,-7.72,6.74,9.89
1740959406,-5.37,-8.7,5.27
1740959406,-0.36,5.03,5.71
1740959406,-0.98,37.36,22.76
1740959406,-3.24,6.96,5.37
1740959406,1.91,8.9,-0.3
1740959407,5.22,-6.79,-5.77
1740959407,-9.9,-2.79,-6.62
1740959407,-6.1,5.36,-9.34
1740959407,4.46,2.4,-3.8
1740959407,-46.94,-25.35,28.12
1740959407,-2.51,2.68,-5.19
1740959407,-0.5,3.9,7.64
1740959407,-0.28,4.62,2.05
1740959407,-0.06,-4.87,6.0
1740959407,-16.54,37.17,41.87
1740959408,1.66,-0.83,0.78
1740959408,-13.07,-27.66,21.03
1740959408,3.68,-7.28,8.64
1740959408,-3.69,-8.33,-7.75
1740959408,7.65,-2.45,-1.15
1740959408,0.56,2.21,1.97
1740959408,7.64,-1.4,-0.28
1740959408,4.09,0.12,2.22
1740959408,-9.62,4.39,0.16
1740959408,9.16,5.72,-1.65
1740959409,-9.66,9.64,7.69
1740959409,5.38,-4.75,-2.49
1740959409,-1.65,-3.52,-9.69
1740959409,1.85,-5.12,6.44
1740959409,-0.85,0.65,-2.97
1740959409,2.71,-3.07,-0.0
1740959409,17.61,6.32,5.91
1740959409,-2.57,3.01,3.41
1740959409,-5.18,-4.05,-7.97
1740959409,2.96,-0.5,-2.74
1740959410,9.04,-3.13,2.73
1740959410,1.47,-6.03,9.21
1740959410,-4.04,-0.02,-0.82
1740959410,6.35,6.28,2.05
1740959410,3.01,9.36,-4.3
1740959410,-2.69,-6.86,0.26
1740959410,0.64,7.79,1.26
1740959410,-9.35,2.36,3.45
1740959410,6.62,9.51,-6.73
1740959410,2.08,0.26,3.58
1740959411,23.53,-16.39,13.37
1740959411,-8.3,-6.8,3.71
1740959411,1.96,-6.83,-0.18
1740959411,0.75,7.91,6.41
1740959411,-5.15,9.15,5.57
1740959411,3.17,9.8,-7.63
1740959411,-2.09,-8.91,9.67
1740959411,7.71,-5.34,-9.88
1740959411,-0.89,7.23,6.23
1740959411,-7.91,-4.8,-7.16
1740959412,-6.68,-5.45,-0.95
1740959412,3.8,9.93,-2.11
1740959412,-0.8,0.05,-6.73
1740959412,-4.75,-8.25,-32.35
1740959412,-6.84,-7.74,5.32
1740959412,0.06,-7.39,-2.71
1740959412,-12.85,21.78,45.87
1740959412,3.57,-4.48,-6.37
1740959412,-5.94,-9.68,1.12
1740959412,4.57,5.45,-6.76
1740959413,-24.97,29.62,43.33
1740959413,-8.14,47.02,-10.22
1740959413,-30.88,-22.06,-39.6
1740959413,9.18,-9.57,-9.47
1740959413,1.23,0.05,3.65
1740959413,-6.89,7.18,-3.04
1740959413,-28.43,12.2,-13.08
1740959413,-7.82,9.02,8.64
1740959413,-7.11,-4.25,-5.56
1740959413,8.58,-5.96,-7.67
1740959414,2.5,5.18,5.21
1740959414,-3.67,8.5,-4.87
1740959414,5.05,4.8,-4.19
1740959414,4.17,-4.45,-8.24
1740959414,2.19,-9.16,4.45
1740959414,-8.85,-0.43,6.56
1740959414,-1.37,6.65,-2.29
1740959414,7.06,8.31,1.05
1740959414,-4.01,1.8,-9.64
1740959414,7.49,-5.83,-9.41
1740959415,3.55,-9.59,-2.76
1740959415,-8.71,-9.71,-4.59
1740959415,-5.06,3.76,5.43
1740959415,0.14,-9.31,2.9
1740959415,3.34,-7.26,2.42
1740959415,2.33,-1.8,9.98
1740959415,9.49,-0.39,13.2
1740959415,-7.05,-0.9,-8.25
1740959415,-107.11,-9.0,95.11
1740959415,0.77,5.39,7.67
1740959416,4.43,-6.92,-5.29
1740959416,-6.59,-5.12,-1.22
1740959416,-1.48,0.84,8.45
1740959416,-4.27,-5.09,-5.25
1740959416,2.53,0.38,6.11
1740959416,-2.42,-3.09,-8.89
1740959416,2.13,-7.19,6.76
1740959416,8.46,1.59,-8.83
1740959416,-8.36,-2.11,4.25
1740959416,-103.75,85.36,133.92
1740959417,-2.91,-4.19,0.18
1740959417,9.08,-7.06,-6.94
1740959417,-1.14,5.62,8.97
1740959417,40.17,-3.02,-2.16
1740959417,26.5,27.82,-8.41
1740959417,7.84,0.33,5.2
1740959417,9.93,-5.05,5.02
1740959417,-9.4,4.92,-2.52
1740959417,-0.28,-8.46,6.32
1740959417,-7.34,-3.72,-2.38
1740959418,-4.65,0.07,-6.06
1740959418,9.32,8.83,-2.91
1740959418,-8.52,-3.81,4.67
1740959418,-6.94,9.17,9.12
1740959418,1.84,-0.59,-5.16
1740959418,-3.18,-8.83,2.63
1740959418,-6.63,2.97,-5.99
1740959418,9.28,-2.47,-4.33
1740959418,-8.26,-6.64,-0.55
1740959418,-4.96,-4.63,-1.01
1740959419,6.17,-4.29,3.81
1740959419,1.47,0.61,4.25
1740959419,7.26,-2.49,1.49
1740959419,-6.88,-9.06,-1.83
1740959419,-3.43,-7.25,2.45
1740959419,-2.86,4.62,-1.87
1740959419,-2.36,2.1,-9.03
1740959419,-9.26,7.81,2.21
1740959419,7.1,-3.5,-1.93
1740959419,8.3,0.92,-5.88
1740959420,-1.57,5.67,9.46
1740959420,6.89,-0.72,-0.12
1740959420,-8.76,0.32,-3.96
1740959420,-4.78,-3.98,8.07
1740959420,2.89,1.35,7.02
1740959420,-0.59,5.59,9.84
1740959420,6.71,-3.02,6.63
1740959420,2.54,0.56,9.29
1740959420,5.27,-8.78,-5.94
1740959420,-5.52,-5.87,2.01
1740959421,-5.72,2.2,8.24
1740959421,8.84,9.64,-6.31
1740959421,2.94,-3.14,-2.89
1740959421,-7.16,-0.24,4.85
1740959421,3.03,3.44,5.85
1740959421,-7.65,0.03,-7.24
1740959421,-1.16,6.25,-7.14
1740959421,7.91,1.39,-6.51
1740959421,4.12,6.71,-8.96
1740959421,8.51,-3.79,4.37
1740959422,-7.85,-2.7,2.1
1740959422,7.62,-1.32,4.49
1740959422,9.85,8.57,-2.18
1740959422,-7.37,38.1,-37.94
1740959422,-1.09,-5.79,3.14
1740959422,1.51,-3.09,7.19
1740959422,2.42,-4.34,8.82
1740959422,-2.07,19.64,-6.65
1740959422,-7.83,-0.4,-2.91
1740959422,-7.31,9.6,-1.72
1740959423,18.32,47.71,-8.53
1740959423,-6.09,2.49,-2.18
1740959423,-10.0,4.19,6.07
1740959423,-4.24,6.67,3.05
1740959423,-6.41,1.54,-0.24
1740959423,8.72,8.4,2.12
1740959423,2.67,7.6,0.66
1740959423,-9.32,7.72,-1.23
1740959423,-7.92,3.34,-0.53
1740959423,-13.53,-8.87,45.02
1740959424,114.73,167.4,-154.32
1740959424,6.04,7.27,9.04
1740959424,7.86,-7.44,-6.76
1740959424,3.99,-8.79,1.06
1740959424,-1.83,4.7,-9.11
1740959424,-186.36,48.63,85.64
1740959424,6.95,7.6,-3.99
1740959424,-0.9,-7.94,-3.61
1740959424,2.57,-1.61,0.41
1740959424,3.9,8.22,-2.12
1740959425,42.3,23.68,-15.02
1740959425,-2.98,7.64,2.58
1740959425,9.75,-9.0,-0.85
1740959425,8.15,9.45,0.51
1740959425,2.93,2.61,-0.8
1740959425,6.68,-7.88,-9.46
1740959425,-2.41,18.4,25.76
1740959425,4.08,-0.87,-9.1
1740959425,-7.7,6.82,-2.46
1740959425,2.84,-8.32,4.52
1740959426,3.13,-6.5,4.26
1740959426,-7.5,-9.22,2.2
1740959426,29.58,9.48,-40.7
1740959426,2.24,6.78,-5.6
1740959426,7.9,5.63,-3.4
1740959426,8.25,-7.89,5.92
1740959426,-2.65,-2.8,3.74
1740959426,-5.01,-4.83,-4.04
1740959426,42.64,0.73,-39.1
1740959426,-2.94,-5.63,5.67
1740959427,-4.54,-5.98,-7.33
1740959427,-3.83,-4.59,-7.48
1740959427,8.78,-8.55,-9.05
1740959427,-1.18,8.5,-6.86
1740959427,-7.34,-6.12,-1.55
1740959427,0.5,9.55,7.19
1740959427,-2.03,4.72,-4.21
1740959427,-5.33,0.14,5.81
1740959427,6.97,-4.85,-1.9
1740959427,9.95,3.74,0.22
1740959428,-3.76,-2.58,2.82
1740959428,-5.07,5.88,3.65
1740959428,3.83,-8.26,1.4
1740959428,9.17,-4.68,1.95
1740959428,47.45,-39.96,5.05
1740959428,0.37,2.97,-2.04
1740959428,-5.3,4.81,-2.24
1740959428,-48.74,35.55,-21.94
1740959428,0.38,-0.68,7.4
1740959428,-6.48,-6.55,-5.23
1740959429,4.66,-8.8,-2.29
1740959429,5.22,-3.86,-9.48
1740959429,-7.52,0.38,9.39
1740959429,-8.21,-7.47,5.07
1740959429,-48.52,34.3,-38.2
1740959429,-1.17,-1.0,-8.75
1740959429,8.52,9.28,3.55
1740959429,-4.92,1.99,-2.34
1740959429,-2.4,-9.5,3.17
1740959429,15.38,2.43,-17.0
1740959430,8.43,-3.84,-4.43
1740959430,178.86,50.07,119.18
1740959430,-6.21,-9.1,-7.18
1740959430,-9.31,-3.79,8.29
1740959430,-7.57,-1.75,8.28
1740959430,6.36,-1.25,9.18
1740959430,-9.25,0.36,8.86
1740959430,5.58,-6.73,3.2
1740959430,2.19,8.73,-1.22
1740959430,3.45,3.03,4.13
1740959431,76.86,-111.75,-133.69
1740959431,-2.7,-5.58,-2.67
1740959431,-6.12,-1.49,-6.69
1740959431,-6.53,4.6,-5.32
1740959431,5.86,-6.46,6.96
1740959431,-7.01,-8.24,8.22
1740959431,-133.6,-0.37,-36.87
1740959431,7.92,-0.08,3.27
1740959431,-4.84,-6.26,-7.08
1740959431,5.18,-1.68,9.39
1740959432,-3.43,-9.9,2.31
1740959432,-2.16,-5.55,-0.33
1740959432,0.07,6.9,-5.49
1740959432,7.72,-3.6,-0.49
1740959432,0.39,-9.03,-3.21
1740959432,2.28,-37.76,-49.28
1740959432,5.36,8.59,-5.01
1740959432,-7.34,-3.36,2.26
1740959432,1.79,9.77,9.75
1740959432,-4.53,8.45,-9.87
1740959433,6.84,-3.11,-6.18
1740959433,-5.37,-5.01,4.61
1740959433,-106.08,-168.55,138.74
1740959433,-38.05,33.34,49.45
1740959433,-1.74,9.58,-3.31
1740959433,-6.83,0.74,6.71
1740959433,5.64,2.75,0.98
1740959433,-7.02,2.31,5.66
1740959433,-1.23,3.04,-4.98
1740959433,-1.65,1.11,-1.72
1740959434,7.67,-7.49,5.68
1740959434,1.79,3.09,-5.28
1740959434,5.78,0.81,9.82
1740959434,-8.86,-0.07,-1.28
1740959434,0.81,-6.66,-5.81
1740959434,-6.58,-0.92,6.12
1740959434,8.76,-2.68,9.12
1740959434,7.45,9.77,5.3
1740959434,3.36,3.42,-2.84
1740959434,3.61,3.32,6.68
1740959435,-9.69,-9.05,0.14
1740959435,7.77,7.45,6.82
1740959435,-7.99,-6.61,-7.63
1740959435,-1.96,0.69,0.53
1740959435,-8.92,7.17,-3.31
1740959435,-6.1,-8.15,6.24
1740959435,-3.58,3.89,-4.21
1740959435,-3.45,1.28,7.2
1740959435,9.44,5.71,4.48
1740959435,-0.76,-7.66,-6.17
1740959436,7.72,-2.66,-9.58
1740959436,-12.89,-22.04,29.05
1740959436,0.66,3.53,-0.83
1740959436,45.65,-23.25,-27.2
1740959436,-9.27,-0.42,8.97
1740959436,-9.17,-4.45,-3.81
1740959436,8.81,-9.83,-8.21
1740959436,-2.76,-3.35,5.42
1740959436,-8.3,-7.42,-9.69
1740959436,-21.82,36.43,26.36
1740959437,-2.81,8.76,-7.73
1740959437,-1.92,8.35,-2.86
1740959437,-6.93,-8.18,-1.05
1740959437,9.24,-5.4,5.74
1740959437,7.87,8.6,1.71
1740959437,7.48,3.0,3.85
1740959437,3.86,-2.84,-5.13
1740959437,2.06,3.05,-7.54
1740959437,5.52,-9.87,6.51
1740959437,4.79,-5.0,-9.23
1740959438,116.34,-64.82,-162.04
1740959438,-7.61,-8.81,-0.79
1740959438,-3.53,-0.47,-8.57
1740959438,1.27,8.42,-9.73
1740959438,-0.13,6.36,-1.92
1740959438,-1.88,3.71,0.76
1740959438,3.27,6.76,9.21
1740959438,21.57,49.03,-8.32
1740959438,-3.82,-4.88,3.03
1740959438,-1.81,5.99,-1.17
1740959439,40.02,41.76,-8.54
1740959439,9.03,0.06,3.8
1740959439,-7.39,-8.36,-4.99
1740959439,-9.39,6.12,5.56
1740959439,-8.52,-9.1,-3.78
1740959439,-2.16,3.04,7.12
1740959439,-4.46,-4.03,2.97
1740959439,-6.1,-9.87,-8.46
1740959439,-7.36,6.95,3.08
1740959439,-4.63,-2.84,-2.2
1740959440,-19.99,-34.12,-15.96
1740959440,7.19,-2.14,-0.24
1740959440,8.19,6.9,-2.28
1740959440,-2.02,9.64,-7.56
1740959440,9.38,6.18,7.73
1740959440,-6.72,0.48,-5.58
1740959440,-9.87,-5.76,6.9
1740959440,-7.14,-46.77,-33.96
1740959440,7.51,-5.87,-5.67
1740959440,7.86,7.92,-8.06
1740959441,-6.43,-5.13,3.56
1740959441,1.52,-2.21,4.93
1740959441,5.56,-4.88,-5.72
1740959441,9.56,-9.21,-1.97
1740959441,2.29,-7.26,2.65
1740959441,-4.9,4.4,0.87
1740959441,-4.19,-8.14,4.64
1740959441,-9.52,-7.49,-9.52
1740959441,-1.53,-0.11,7.78
1740959441,-6.93,-8.78,-0.98
1740959442,-2.67,-1.72,-8.98
1740959442,-3.26,1.07,-8.39
1740959442,4.83,0.9,3.43
1740959442,1.39,0.56,-1.16
1740959442,15.12,-2.75,-47.69
1740959442,7.91,-1.71,-4.63
1740959442,-1.81,-2.41,-1.75
1740959442,9.86,4.65,8.1
1740959442,6.93,6.12,-8.25
1740959442,-3.14,-4.1,6.09
1740959443,-6.2,4.0,1.21
1740959443,-2.88,-0.03,9.82
1740959443,-40.69,5.2,-3.97
1740959443,7.89,-5.84,-1.25
1740959443,-5.6,-3.93,6.59
1740959443,4.6,3.8,-9.78
1740959443,-31.45,-0.79,-24.01
1740959443,2.84,-2.4,-9.94
1740959443,-25.39,21.71,-30.6
1740959443,-5.89,-7.1,-2.64
1740959444,2.84,-2.97,5.51
1740959444,-0.6,-0.61,8.93
1740959444,3.63,2.9,1.39
1740959444,-9.97,-0.68,-0.16
1740959444,-16.36,7.86,7.63
1740959444,-4.65,-3.63,-1.73
1740959444,-4.26,-3.73,6.16
1740959444,-2.98,-8.47,5.51
1740959444,-5.09,6.38,4.62
1740959444,-0.55,-9.86,8.6
1740959445,-2.07,9.19,-3.95
1740959445,9.69,-5.47,-5.7
1740959445,-7.29,-0.56,-4.45
1740959445,-3.48,-30.72,-47.09
1740959445,0.39,-9.79,-1.16
1740959445,-7.38,-2.38,-1.64
1740959445,0.15,3.56,8.8
1740959445,3.43,0.12,4.12
1740959445,3.46,-7.27,2.33
1740959445,3.47,-6.92,-7.73
1740959446,2.62,-3.6,-0.34
1740959446,-91.27,136.22,76.13
1740959446,-4.11,-7.52,3.88
1740959446,6.69,3.84,4.38
1740959446,5.58,0.95,-3.5
1740959446,-0.28,-9.82,-0.03
1740959446,4.08,5.6,9.87
1740959446,4.0,6.6,-1.38
1740959446,-1.57,7.13,-7.39
1740959446,1.04,-9.65,2.81
1740959447,5.29,-8.3,1.49
1740959447,-1.27,-1.8,0.2
1740959447,0.25,-2.3,-4.1
1740959447,-8.7,7.17,5.36
1740959447,5.01,-5.36,0.14
1740959447,2.75,4.69,-4.91
1740959447,-1.42,0.63,-1.53
1740959447,-5.34,4.43,-7.94
1740959447,6.75,7.86,6.04
1740959447,-4.53,-9.36,-7.39
1740959448,-7.94,-2.15,0.36
1740959448,2.73,49.62,3.65
1740959448,0.86,6.67,2.5
1740959448,1.14,-4.69,-8.3
1740959448,-1.04,-8.23,5.97
1740959448,8.14,-7.05,1.1
1740959448,46.21,-175.63,-44.8
1740959448,-9.56,-7.37,1.96
1740959448,-5.57,-2.27,1.88
1740959448,40.94,4.92,-8.87
1740959449,-9.71,-4.95,9.56
1740959449,5.69,5.68,-4.72
1740959449,4.57,-3.14,2.6
1740959449,9.66,1.1,0.24
1740959449,-174.71,11.12,-156.81
1740959449,11.43,-8.34,48.48
1740959449,2.98,-3.11,6.67
1740959449,9.65,-3.42,-0.1
1740959449,-81.82,191.6,134.88
1740959449,-7.78,-6.15,-7.73
1740959450,8.25,9.51,-2.2
1740959450,3.31,7.99,-8.69
1740959450,-2.94,-8.94,4.29
1740959450,-0.58,-39.23,-36.26
1740959450,-7.68,9.77,6.18
1740959450,0.27,-6.99,-1.58
1740959450,9.53,-8.06,7.9
1740959450,-9.76,-1.68,6.94
1740959450,8.41,2.07,4.57
1740959450,-0.44,-8.6,-7.71
1740959451,8.31,-2.68,-9.3
1740959451,-6.44,-3.71,-1.34
1740959451,8.64,-1.41,4.13
1740959451,76.64,-177.57,130.53
1740959451,7.68,2.9,-1.8
1740959451,-5.45,-8.36,7.62
1740959451,-36.61,48.72,35.39
1740959451,5.81,-8.38,-8.18
1740959451,-5.2,0.69,2.72
1740959451,8.87,-6.42,4.02
1740959452,5.95,-1.12,1.98
1740959452,0.86,0.97,-5.0
1740959452,9.59,8.04,7.93
1740959452,1.1,2.45,-3.74
1740959452,-6.29,-8.86,-2.86
1740959452,7.96,-5.41,-8.23
1740959452,3.19,7.4,9.24
1740959452,0.48,-0.3,9.6
1740959452,3.87,-1.19,-6.92
1740959452,-9.97,-2.04,8.98
1740959453,1.11,-4.47,-7.68
1740959453,-49.35,-25.86,-3.13
1740959453,3.13,-1.93,-2.48
1740959453,5.13,4.19,6.7
1740959453,6.22,9.96,-3.16
1740959453,48.05,-43.71,0.36
1740959453,0.15,3.39,-2.24
1740959453,-5.08,-1.27,1.36
1740959453,-28.33,20.52,35.57
1740959453,4.46,-3.7,2.26
1740959454,1.32,-9.84,5.36
1740959454,3.4,-4.26,2.03
1740959454,-43.16,-10.59,47.78
1740959454,8.46,-2.16,3.27
1740959454,-6.13,8.68,-1.58
1740959454,0.87,-5.81,3.97
1740959454,-7.74,-8.88,-5.34
1740959454,4.0,9.16,9.78
1740959454,-8.47,6.31,-7.18
1740959454,-5.09,7.74,9.39
1740959455,-3.01,7.6,2.85
1740959455,6.13,-9.09,1.04
1740959455,-1.36,-4.5,0.34
1740959455,-3.23,3.17,3.28
1740959455,-4.31,9.77,-4.09
1740959455,-4.57,7.49,4.96
1740959455,-3.41,8.47,-6.68
1740959455,6.82,-3.41,7.96
1740959455,-4.81,3.91,8.91
1740959455,7.02,7.7,-2.2
1740959456,2.25,-7.42,-5.37
1740959456,9.43,9.64,-9.54
1740959456,1.36,-1.14,7.27
1740959456,-0.38,1.21,-8.48
1740959456,-4.89,7.39,7.18
1740959456,6.79,-0.99,5.79
1740959456,6.5,-6.51,-0.15
1740959456,-6.78,-8.56,-2.22
1740959456,-9.05,-7.01,5.32
1740959456,-6.23,-2.07,7.89
1740959457,5.04,-6.22,10.0
1740959457,0.83,1.52,-4.07
1740959457,6.89,0.07,-9.68
1740959457,5.97,-2.53,1.86
1740959457,1.09,-3.62,1.51
1740959457,-125.3,86.45,-176.92
1740959457,7.08,7.63,5.1
1740959457,-1.77,3.66,-5.04
1740959457,-0.92,3.92,-9.2
1740959457,-40.93,-41.94,-43.74
1740959458,-3.01,-2.04,9.35
1740959458,-2.68,7.01,-6.8
1740959458,-2.35,-4.85,-6.24
1740959458,-2.12,0.47,1.45
1740959458,9.59,-6.85,0.87
1740959458,-64.09,-173.65,130.0
1740959458,27.72,-4.19,-13.53
1740959458,9.35,5.82,-7.13
1740959458,-5.91,6.77,-0.03
1740959458,32.82,41.51,-10.61
1740959459,1.72,7.22,5.24
1740959459,5.31,-1.11,-5.98
1740959459,3.59,6.75,5.3
1740959459,0.42,-3.89,-6.75
1740959459,4.08,-2.28,0.57
1740959459,-10.86,-10.99,-6.4
1740959459,-3.58,0.73,-7.0
1740959459,9.33,-2.71,-6.93
1740959459,-1.19,8.83,8.59
1740959459,1.81,-9.2,-4.67
1740959460,-1.83,3.19,2.82
1740959460,-2.06,-3.18,-8.12
1740959460,9.4,1.48,1.63
1740959460,6.5,-1.41,-2.12
1740959460,-1.56,-1.19,3.94
1740959460,3.53,1.4,-8.96
1740959460,-2.27,2.67,1.71
1740959460,0.19,-6.38,-1.08
1740959460,63.58,37.01,117.1
1740959460,-2.63,-7.0,-0.03
1740959461,-2.79,7.22,3.11
1740959461,-2.34,-7.37,-3.34
1740959461,-9.52,4.71,3.28
1740959461,2.23,7.4,6.33
1740959461,-43.55,-14.48,-20.26
1740959461,1.69,-8.9,1.84
1740959461,1.82,-2.42,-2.85
1740959461,-6.11,-7.78,2.94
1740959461,4.41,9.12,7.52
1740959461,21.43,196.9,-128.46
1740959462,3.29,9.69,2.85
1740959462,2.13,9.7,7.48
1740959462,-4.18,2.73,-9.22
1740959462,2.16,-3.25,-6.91
1740959462,-8.24,1.96,-4.44
1740959462,7.47,4.75,-9.26
1740959462,-30.5,41.24,-48.69
1740959462,2.71,-6.22,-8.16
1740959462,9.5,0.05,-6.57
1740959462,9.16,-1.33,-3.84
1740959463,-115.22,113.62,-70.26
1740959463,-0.04,-9.5,-9.84
1740959463,0.11,3.81,-4.69
1740959463,9.28,-1.97,-8.15
1740959463,3.14,-2.53,2.42
1740959463,-9.39,2.61,-2.48
1740959463,1.51,-6.65,9.67
1740959463,-1.2,4.63,-4.07
1740959463,-1.84,-1.11,-7.1
1740959463,6.64,-4.27,5.68
1740959464,4.13,-9.93,1.22
1740959464,6.04,6.02,-6.63
1740959464,-8.72,4.35,-4.28
1740959464,73.64,-193.97,-153.91
1740959464,-0.94,8.49,6.04
1740959464,-2.08,7.46,-7.34
1740959464,31.46,45.01,-4.66
1740959464,5.08,-7.68,4.1
1740959464,5.01,6.25,2.9
1740959464,7.11,-4.14,2.28
1740959465,7.52,-9.13,6.52
1740959465,3.7,-1.99,1.89
1740959465,4.39,7.25,-1.56
1740959465,7.5,8.19,6.2
1740959465,0.49,8.97,-2.23
1740959465,-8.98,4.29,5.13
1740959465,-7.89,-8.45,4.1
1740959465,-0.88,43.46,39.85
1740959465,-1.89,-7.28,-6.77
1740959465,-5.45,2.05,1.4
1740959466,-27.56,-14.59,31.21
1740959466,-9.16,6.42,6.14
1740959466,-6.63,7.72,9.67
1740959466,-8.36,7.29,8.25
1740959466,-3.23,5.08,-0.0
1740959466,8.27,-0.48,1.46
1740959466,-2.17,-1.73,3.35
1740959466,-7.93,8.01,-6.34
1740959466,-0.97,-9.62,7.27
1740959466,-6.86,4.17,-3.24
1740959467,-1.89,5.73,-9.73
1740959467,3.51,-3.35,-3.09
1740959467,-7.77,8.29,-7.36
1740959467,5.01,-7.12,5.0
1740959467,6.54,-8.19,1.74
1740959467,-9.16,3.96,-3.0
1740959467,7.99,-9.12,-9.09
1740959467,1.19,-2.88,-4.55
1740959467,-1.9,-0.16,0.95
1740959467,-8.3,-17.48,35.54
1740959468,7.64,8.41,9.98
1740959468,-6.34,6.57,-9.03
1740959468,-8.94,5.2,6.86
1740959468,-8.61,2.82,8.71
1740959468,-1.33,-0.21,1.93
1740959468,4.49,-3.32,4.8
1740959468,7.99,1.2,1.51
1740959468,5.68,-3.56,-7.64
1740959468,-9.13,-2.72,-5.49
1740959468,-7.68,-4.15,7.66
1740959469,-1.3,-4.1,-3.61
1740959469,48.5,35.94,-38.63
1740959469,-5.55,8.13,0.24
1740959469,2.91,-2.77,3.29
1740959469,-0.35,8.97,6.41
1740959469,-7.79,9.61,8.06
1740959469,9.31,-3.47,-4.93
1740959469,1.93,-5.74,0.72
1740959469,-6.5,-5.76,9.83
1740959469,8.74,-5.2,-3.76
1740959470,7.69,2.46,5.89
1740959470,-0.53,-13.8,-7.99
1740959470,-3.37,-9.29,0.12
1740959470,5.4,-7.19,-4.48
1740959470,8.11,-3.88,5.54
1740959470,-1.72,-5.34,4.34
1740959470,1.74,6.34,-5.15
1740959470,-6.91,7.03,2.21
1740959470,2.41,-0.86,0.15
1740959470,1.52,1.93,-0.45
1740959471,-1.85,8.57,-6.15
1740959471,-2.5,2.83,-2.41
1740959471,-0.94,-7.05,-4.52
1740959471,-3.38,-7.21,-6.65
1740959471,0.17,-4.14,-6.59
1740959471,-3.86,-8.32,8.29
1740959471,8.22,7.63,-9.31
1740959471,-27.21,35.6,19.77
1740959471,4.4,4.8,-4.89
1740959471,-7.41,6.48,1.93
1740959472,1.7,-2.32,4.5
1740959472,-4.06,-2.15,-4.3
1740959472,-4.08,0.55,0.44
1740959472,48.25,28.13,-22.67
1740959472,-8.0,2.44,-1.62
1740959472,0.55,6.55,6.93
1740959472,2.63,-4.49,2.02
1740959472,-0.12,-7.79,-3.56
1740959472,-4.13,8.34,-1.43
1740959472,-88.49,-114.38,138.13
1740959473,-3.1,-3.44,1.61
1740959473,2.07,7.39,6.67
1740959473,4.13,-7.79,-7.22
1740959473,-4.25,-7.51,3.13
1740959473,9.8,0.4,5.72
1740959473,7.41,5.48,-4.89
1740959473,4.7,-2.65,-9.69
1740959473,-2.52,-6.42,9.66
1740959473,-0.87,-9.15,-4.87
1740959473,-8.63,-0.98,4.95
1740959474,9.5,9.91,-8.7
1740959474,0.03,-6.38,0.85
1740959474,7.32,-1.21,6.35
1740959474,2.21,-3.04,3.41
1740959474,-5.49,-3.66,-1.46
1740959474,6.73,-4.63,2.82
1740959474,-3.46,0.34,-9.27
1740959474,6.22,-6.74,3.24
1740959474,23.91,-18.28,-23.51
1740959474,2.59,8.74,5.03
1740959475,-6.32,5.85,7.12
1740959475,-1.72,9.95,2.79
1740959475,-88.49,23.74,9.73
1740959475,-8.67,-2.95,-3.72
1740959475,-5.16,-8.13,-4.97
1740959475,-2.51,-27.2,1.5
1740959475,5.75,-2.52,3.33
1740959475,-8.03,6.62,-7.46
1740959475,9.46,-0.79,-5.87
1740959475,-5.46,-2.65,3.97
1740959476,29.73,41.46,-26.98
1740959476,1.73,-1.46,-1.35
1740959476,0.61,3.99,-8.84
1740959476,8.03,0.3,-0.43
1740959476,-139.0,24.44,169.01
1740959476,8.41,8.02,5.91
1740959476,-4.45,6.12,-0.66
1740959476,6.9,9.43,-9.72
1740959476,-2.05,-8.38,-1.02
1740959476,2.2,6.13,-2.14
1740959477,-4.43,-2.57,9.23
1740959477,-7.1,8.11,0.42
1740959477,-9.73,3.09,4.64
1740959477,-36.26,-11.95,38.84
1740959477,188.92,191.67,-179.0
1740959477,-4.61,-1.26,0.66
1740959477,5.8,-9.73,2.94
1740959477,-8.09,0.61,-3.98
1740959477,-9.95,8.56,3.4
1740959477,8.52,8.87,2.37
1740959478,-22.99,-18.94,-39.76
1740959478,-2.9,2.77,-3.66
1740959478,7.38,-4.06,4.97
1740959478,0.53,6.77,5.58
1740959478,-2.26,7.24,-0.79
1740959478,0.03,-1.34,-4.72
1740959478,63.44,-86.23,-91.01
1740959478,8.89,6.86,0.07
1740959478,-5.59,-3.43,7.4
1740959478,-5.82,-0.33,-8.6
1740959479,8.64,-5.15,4.59
1740959479,4.01,9.99,8.08
1740959479,-2.85,8.7,-1.8
1740959479,-9.32,-5.08,2.79
1740959479,3.26,2.47,-2.85
1740959479,0.9,8.11,7.15
1740959479,-6.6,2.6,-8.81
1740959479,8.89,-1.78,-8.32
1740959479,30.91,48.39,-1.03
1740959479,-4.65,4.84,6.59
1740959480,1.6,0.8,-1.35
1740959480,-8.28,-5.29,0.64
1740959480,4.42,1.81,-8.52
1740959480,-4.73,1.22,-8.82
1740959480,6.78,-0.94,-5.91
1740959480,-5.35,-4.98,9.63
1740959480,-7.56,8.28,4.94
1740959480,-3.21,6.53,-2.48
1740959480,-42.03,4.55,27.68
1740959480,20.76,-24.45,35.06
1740959481,-8.88,-0.02,-3.73
1740959481,-8.01,0.8,-7.26
1740959481,1.31,9.01,7.77
1740959481,-3.42,-7.09,-8.46
1740959481,24.1,6.03,19.34
1740959481,-1.35,0.45,-9.35
1740959481,2.94,1.66,-4.77
1740959481,5.84,1.07,-9.06
1740959481,2.73,-8.81,-9.61
1740959481,-4.14,3.93,0.62
1740959482,-26.53,-5.81,4.42
1740959482,12.52,30.62,-36.01
1740959482,-3.41,6.67,8.62
1740959482,-5.06,6.96,-5.76
1740959482,40.75,-33.39,-37.23
1740959482,7.47,7.88,9.65
1740959482,3.0,3.86,-5.46
1740959482,7.8,-3.36,-3.93
1740959482,8.98,6.37,3.34
1740959482,7.0,-4.38,1.77
1740959483,7.43,-7.94,-2.66
1740959483,-45.98,28.77,-11.02
1740959483,-9.19,4.59,6.27
1740959483,4.98,-5.67,-5.11
1740959483,7.41,7.37,-4.12
1740959483,1.88,-8.05,-8.22
1740959483,2.09,4.84,9.23
1740959483,7.79,8.82,8.35
1740959483,-8.34,-5.91,11.24
1740959483,5.57,8.45,-3.7
1740959484,-9.6,8.37,-7.75
1740959484,6.95,-8.12,-5.81
1740959484,-9.83,-7.18,8.25
1740959484,-7.83,-9.04,-3.05
1740959484,-3.74,1.81,3.87
1740959484,-1.0,-9.74,-1.94
1740959484,5.74,-0.31,2.65
1740959484,8.16,-9.64,9.66
1740959484,-3.67,-7.41,4.87
1740959484,-6.07,-9.95,-3.33
1740959485,-5.22,-8.21,-3.13
1740959485,-95.11,-43.89,-140.79
1740959485,4.45,8.36,5.65
1740959485,-8.5,2.51,9.96
1740959485,1.32,-6.24,-6.07
1740959485,-5.98,-7.71,-2.28
1740959485,-12.61,-6.01,-49.12
1740959485,-5.92,-2.44,-8.2
1740959485,2.32,-3.52,-3.8
1740959485,-1.22,-7.25,-4.51
1740959486,-6.43,-9.51,-7.27
1740959486,-5.75,-6.52,4.16
1740959486,5.19,-9.11,2.35
1740959486,-8.11,3.15,1.47
1740959486,9.83,6.29,8.25
1740959486,-8.25,-3.03,-7.56
1740959486,-3.61,4.16,-42.72
1740959486,-3.19,1.7,5.42
1740959486,-15.1,37.46,43.13
1740959486,-1.87,-6.02,-6.58
1740959487,6.75,-1.22,8.12
1740959487,-4.03,5.64,-8.04
1740959487,3.82,-5.96,-6.0
1740959487,26.8,-197.6,47.55
1740959487,-0.22,-3.84,1.81
1740959487,-1.17,8.39,9.02
1740959487,7.7,-0.64,-2.28
1740959487,-2.1,-1.53,8.33
1740959487,7.43,-1.95,-3.02
1740959487,-2.94,-4.06,-7.57
1740959488,-3.01,-6.72,-1.6
1740959488,-1.54,8.62,-8.68
1740959488,1.35,-1.22,-0.92
1740959488,-2.29,7.13,0.4
1740959488,-42.4,-48.6,-23.1
1740959488,-1.76,2.36,0.05
1740959488,-8.5,-9.26,-2.13
1740959488,-155.77,95.52,46.22
1740959488,6.83,3.69,-3.59
1740959488,-7.95,-0.07,-5.7
1740959489,8.19,0.13,-3.68
1740959489,39.92,-14.55,4.52
1740959489,-4.62,3.45,-8.5
1740959489,-115.2,-133.49,142.8
1740959489,-3.48,9.41,6.45
1740959489,3.09,3.9,-6.27
1740959489,29.29,-31.58,-31.15
1740959489,-0.2,1.56,-8.37
1740959489,-12.31,48.5,-21.95
1740959489,-2.12,-2.99,0.48
1740959490,5.88,-0.11,-3.42
1740959490,-2.75,-7.22,-3.46
1740959490,2.21,0.82,-4.86
1740959490,5.81,9.46,-3.25
1740959490,-7.47,-8.94,-2.56
1740959490,8.01,-8.58,-7.44
1740959490,8.21,-5.53,-3.17
1740959490,-5.86,-8.81,-1.81
1740959490,-7.01,-0.83,-3.83
1740959490,1.84,-7.93,3.2
1740959491,-7.99,-5.5,-3.3
1740959491,-5.14,-0.25,7.89
1740959491,4.79,-8.1,-6.81
1740959491,9.83,4.49,2.08
1740959491,-9.16,-7.28,-1.34
1740959491,-3.46,9.29,3.9
1740959491,3.73,6.46,-2.36
1740959491,5.86,-5.57,-3.49
1740959491,-7.95,6.49,-3.48
1740959491,4.19,-20.4,25.85
1740959492,-4.44,1.67,-2.51
1740959492,-1.84,1.99,-7.83
1740959492,-5.83,-1.87,1.43
1740959492,-0.91,-5.62,-1.24
1740959492,2.24,5.43,-5.33
1740959492,-29.9,45.03,8.79
1740959492,-6.89,7.67,-4.61
1740959492,1.49,6.85,-7.9
1740959492,-7.68,6.82,1.84
1740959492,1.84,-1.78,6.91
1740959493,-5.77,-8.6,-0.54
1740959493,7.64,-0.55,8.31
1740959493,7.87,-1.93,9.72
1740959493,-1.42,-1.1,4.39
1740959493,0.2,0.05,4.02
1740959493,-7.7,7.04,-7.2
1740959493,-1.77,6.16,-4.62
1740959493,-3.51,6.94,-5.96
1740959493,-6.86,6.44,-7.09
1740959493,-9.74,-7.99,7.87
1740959494,1.81,-2.85,-0.16
1740959494,-5.82,9.31,4.0
1740959494,5.1,-9.79,-9.1
1740959494,-8.29,2.79,6.77
1740959494,6.86,-5.97,2.11
1740959494,9.05,-4.05,4.51
1740959494,-0.76,3.42,-7.67
1740959494,3.69,-4.45,-8.18
1740959494,-7.99,7.5,2.54
1740959494,29.23,27.39,-19.52
1740959495,5.25,-0.72,3.37
1740959495,-7.46,-1.91,-3.13
1740959495,-9.38,6.75,-2.13
1740959495,9.05,-6.16,-3.52
1740959495,2.29,0.59,0.95
1740959495,-0.71,8.69,0.65
1740959495,0.97,-5.57,6.78
1740959495,3.33,-5.82,0.24
1740959495,9.77,0.95,7.12
1740959495,2.28,0.4,-44.81
1740959496,3.4,-3.53,2.53
1740959496,-2.85,0.72,-3.21
1740959496,1.78,-1.96,-7.32
1740959496,-3.96,6.83,4.06
1740959496,0.29,-9.11,-8.23
1740959496,-25.11,-34.26,-41.52
1740959496,-7.42,9.12,8.43
1740959496,16.81,-26.58,32.75
1740959496,6.94,7.86,-4.24
1740959496,-7.67,-2.77,7.11
1740959497,0.46,-6.53,4.41
1740959497,5.56,7.38,9.57
1740959497,-2.41,3.16,-2.06
1740959497,3.4,-6.06,-4.64
1740959497,1.66,-1.79,9.43
1740959497,9.13,33.3,-48.49
1740959497,-4.53,2.11,2.54
1740959497,-2.56,-8.91,8.59
1740959497,6.53,-7.54,5.57
1740959497,-4.22,6.41,-0.9
1740959498,9.3,9.25,-3.16
1740959498,30.41,198.32,-26.56
1740959498,-8.87,-3.91,6.01
1740959498,-7.15,-6.87,-8.88
1740959498,-6.62,2.33,-0.9
1740959498,-5.21,-8.02,0.43
1740959498,0.28,-3.98,-4.52
1740959498,7.0,6.67,-0.43
1740959498,-7.42,4.12,8.28
1740959498,-3.75,-9.36,1.89
1740959499,-4.66,5.39,5.97
1740959499,-1.48,-8.44,-2.05
1740959499,10.0,4.89,-5.59
1740959499,-0.09,0.11,-4.46
1740959499,-7.96,-9.07,2.44
1740959499,-5.45,-0.43,-1.92
1740959499,5.01,0.41,6.89
1740959499,2.01,0.74,-8.6
1740959499,8.07,3.02,-8.31
1740959499,2.14,-4.28,-2.34
1740959500,4.97,6.16,-3.11
1740959500,-9.46,1.26,9.85
1740959500,1.53,-8.85,-5.95
1740959500,3.76,2.29,7.33
1740959500,0.52,-3.78,1.02
1740959500,-8.22,-0.47,4.56
1740959500,8.8,-9.9,7.15
1740959500,1.12,1.49,7.17
1740959500,-8.01,-1.7,-3.93
1740959500,-160.26,-14.69,117.55
1740959501,6.04,-8.16,-0.35
1740959501,6.59,-1.7,-0.06
1740959501,5.1,8.37,7.65
1740959501,3.65,0.46,1.57
1740959501,0.66,-6.85,4.26
1740959501,-2.28,-4.52,-3.72
1740959501,-7.63,-9.2,5.75
1740959501,3.08,-3.27,7.92
1740959501,-16.13,-2.05,-15.25
1740959501,3.16,3.56,-5.91
1740959502,9.97,-6.09,-3.82
1740959502,3.54,-6.57,-3.86
1740959502,9.83,-4.89,-8.23
1740959502,4.52,4.23,-1.16
1740959502,9.24,-9.72,-0.39
1740959502,5.11,-7.73,-8.24
1740959502,3.76,1.09,6.28
1740959502,5.06,-2.67,5.56
1740959502,-5.31,3.72,-5.94
1740959502,-7.12,8.38,-4.5
1740959503,-1.89,1.34,-3.63
1740959503,-29.0,42.63,0.64
1740959503,-2.97,-6.46,0.79
1740959503,7.36,-6.12,3.99
1740959503,-6.1,9.22,0.46
1740959503,1.36,-2.29,-2.54
1740959503,-45.38,-42.04,7.81
1740959503,-9.37,9.45,-0.96
1740959503,6.76,-1.21,-5.91
1740959503,8.05,0.5,-7.63
1740959504,-3.29,-2.56,-3.14
1740959504,11.1,-13.76,11.79
1740959504,-5.92,3.35,8.54
1740959504,2.94,-7.08,-5.64
1740959504,-4.66,8.01,7.72
1740959504,-9.04,9.65,-8.54
1740959504,-6.35,-7.24,-6.23
1740959504,9.37,3.4,7.65
1740959504,4.92,-0.02,-5.42
1740959504,2.7,4.67,-0.22
1740959505,-82.95,197.11,48.37
1740959505,-6.97,-0.83,-1.37
1740959505,-172.3,-79.98,179.21
1740959505,-45.82,-36.47,26.0
1740959505,3.91,4.71,-1.97
1740959505,-7.42,-3.39,-5.54
1740959505,4.68,-4.44,-1.17
1740959505,-4.91,7.46,9.88
1740959505,4.4,-8.67,-9.12
1740959505,-9.36,8.49,3.63
1740959506,2.73,1.63,1.51
1740959506,-4.18,-3.73,0.45
1740959506,39.32,26.46,-43.79
1740959506,3.41,7.15,7.48
1740959506,0.96,42.32,14.26
1740959506,-6.97,-5.15,-1.96
1740959506,9.85,6.23,9.99
1740959506,-7.45,8.04,7.74
1740959506,42.07,23.82,23.33
1740959506,9.62,-5.59,9.23
1740959507,5.45,-5.5,2.88
1740959507,-10.0,-9.9,-4.94
1740959507,-0.1,-3.97,5.39
1740959507,8.8,1.64,-4.01
1740959507,-3.79,-2.04,0.02
1740959507,7.25,-2.07,3.46
1740959507,-23.3,8.35,46.63
1740959507,1.52,-0.77,9.84
1740959507,5.4,-8.17,2.94
1740959507,-1.82,-9.82,-4.47
1740959508,-6.0,-7.12,1.0
1740959508,8.69,1.75,-0.57
1740959508,8.23,-3.34,-2.33
1740959508,9.74,6.11,-1.42
1740959508,-1.61,5.25,4.1
1740959508,19.53,11.05,38.58
1740959508,4.78,-3.44,5.93
1740959508,1.12,9.74,-9.91
1740959508,-3.71,1.1,-2.95
1740959508,0.85,-6.32,1.49
1740959509,5.53,-8.01,-1.2
1740959509,-7.85,-3.29,8.02
1740959509,-5.91,4.14,1.1
1740959509,9.21,8.77,2.45
1740959509,-1.4,40.48,46.82
1740959509,9.91,-24.39,23.58
1740959509,0.51,-4.85,7.28
1740959509,-3.48,9.74,1.47
1740959509,-6.11,-8.23,4.61
1740959509,-9.58,-5.79,-1.1
1740959510,-1.62,-6.61,2.86
1740959510,-6.77,-6.1,1.7
1740959510,7.64,2.2,9.14
1740959510,-8.55,0.21,2.27
1740959510,1.26,1.16,0.61
1740959510,-5.46,-5.27,-8.23
1740959510,-2.07,-2.59,-5.04
1740959510,4.66,-1.15,-4.22
1740959510,5.61,-3.49,-5.48
1740959510,-5.06,-7.68,3.32
1740959511,-0.45,-2.89,6.28
1740959511,3.99,0.81,3.26
1740959511,0.76,-3.08,-9.56
1740959511,7.75,3.99,7.43
1740959511,-7.7,-4.49,-2.55
1740959511,8.46,-6.13,-4.62
1740959511,4.96,0.54,8.57
1740959511,5.4,-0.64,7.29
1740959511,-3.35,24.14,20.48
1740959511,8.3,6.87,5.95
1740959512,-2.63,-7.39,-8.21
1740959512,-5.66,3.94,-2.37
1740959512,27.16,44.3,24.74
1740959512,8.64,-3.18,-7.9
1740959512,-39.2,39.28,-21.83
1740959512,-1.6,-2.62,8.62
1740959512,-1.84,-4.47,1.86
1740959512,3.91,-8.82,-1.77
1740959512,-5.28,0.17,-7.41
1740959512,-151.53,63.31,126.65
1740959513,20.58,-18.37,-6.55
1740959513,-2.86,1.32,7.52
1740959513,-7.58,2.27,-8.81
1740959513,-4.53,9.99,-8.66
1740959513,48.53,28.8,32.47
1740959513,3.82,1.9,-3.14
1740959513,-0.22,-9.66,-6.09
1740959513,4.72,-4.74,8.6
1740959513,4.36,3.64,6.55
1740959513,6.4,9.84,-3.84
1740959514,4.84,-2.43,-7.36
1740959514,5.8,8.38,1.43
1740959514,-6.48,5.33,0.45
1740959514,6.43,-4.9,-1.22
1740959514,-121.98,-115.26,-169.06
1740959514,-30.94,-128.05,18.06
1740959514,7.89,-1.14,1.34
1740959514,-7.03,-2.88,6.01
1740959514,-1.13,-92.38,16.84
1740959514,-3.24,5.71,-4.66
1740959515,1.18,-6.73,1.68
1740959515,182.45,92.42,-79.4
1740959515,6.94,-5.8,1.94
1740959515,-6.76,7.01,3.82
1740959515,6.17,9.17,9.01
1740959515,4.27,-2.3,-8.0
1740959515,9.08,5.67,6.85
1740959515,2.48,-9.36,-2.35
1740959515,4.37,9.12,-4.27
1740959515,-2.22,6.28,4.46
1740959516,2.79,-2.91,9.18
1740959516,-7.86,-3.73,-3.57
1740959516,-40.61,-38.47,-41.59
1740959516,18.64,20.2,-44.04
1740959516,-2.01,9.09,5.34
1740959516,3.08,9.12,-7.57
1740959516,-9.22,5.37,4.5
1740959516,-0.75,5.55,-7.59
1740959516,-7.48,-5.77,-5.51
1740959516,-5.9,-7.0,-0.65
1740959517,3.45,-7.73,-8.44
1740959517,-6.1,-2.74,0.55
1740959517,2.95,9.66,4.21
1740959517,-0.73,7.79,-7.16
1740959517,-8.72,-9.36,6.18
1740959517,4.94,1.53,-8.2
1740959517,0.65,2.14,6.91
1740959517,-2.19,9.4,-5.69
1740959517,6.95,7.25,9.52
1740959517,-5.84,7.6,6.56
1740959518,-6.9,-2.21,-8.45
1740959518,-7.62,-7.36,-7.2
1740959518,-8.62,-8.87,-1.04
1740959518,-6.71,7.68,-5.49
1740959518,39.48,-6.77,-42.28
1740959518,-30.27,48.92,16.04
1740959518,-6.7,-8.8,-0.08
1740959518,-0.52,3.94,-2.33
1740959518,7.76,2.54,0.68
1740959518,2.49,-8.43,-3.93
1740959519,-49.58,-32.59,-18.11
1740959519,-4.44,1.3,1.56
1740959519,8.62,0.45,3.62
1740959519,4.93,-0.9,-2.23
1740959519,3.33,-5.71,-1.48
1740959519,-1.42,5.32,-5.53
1740959519,8.89,0.93,4.8
1740959519,-6.11,3.8,-0.28
1740959519,7.04,-84.02,-173.83
1740959519,4.07,-7.68,-2.27
1740959520,4.38,9.5,9.51
1740959520,-7.73,-2.47,-6.68
1740959520,-9.17,-8.37,-6.75
1740959520,4.57,6.36,-6.49
1740959520,9.92,-9.03,-0.35
1740959520,-5.38,-5.77,-9.35
1740959520,30.42,-18.05,33.29
1740959520,-4.75,-5.16,2.56
1740959520,-153.49,-77.08,100.71
1740959520,1.57,-0.2,-5.27
1740959521,3.99,-4.84,8.45
1740959521,-1.37,-2.19,-4.32
1740959521,6.52,-7.29,3.61
1740959521,-6.26,-9.08,-4.32
1740959521,48.25,3.82,-35.65
1740959521,-15.58,9.41,-27.6
1740959521,6.1,2.47,-7.36
1740959521,-7.51,1.43,-3.42
1740959521,-6.91,-3.81,7.83
1740959521,6.65,8.35,-7.57
1740959522,-6.45,-6.83,6.51
1740959522,-4.12,1.54,0.4
1740959522,4.48,3.77,3.97
1740959522,5.1,1.08,2.42
1740959522,0.59,-3.27,-8.31
1740959522,-8.03,1.28,-1.16
1740959522,-0.79,4.07,9.82
1740959522,9.83,-2.87,0.71
1740959522,-7.3,9.48,-8.65
1740959522,-1.39,-4.73,-3.92
1740959523,7.47,-4.22,0.08
1740959523,5.85,8.31,-1.88
1740959523,31.07,16.65,-3.28
1740959523,5.53,-5.74,-3.22
1740959523,8.78,-4.5,-7.15
1740959523,-8.77,9.55,6.44
1740959523,3.17,5.6,-2.18
1740959523,8.69,6.92,-9.5
1740959523,-3.32,7.12,2.57
1740959523,-5.25,-0.99,0.84
1740959524,-49.93,14.37,1.85
1740959524,9.86,7.95,-5.65
1740959524,-7.03,3.69,-2.23
1740959524,9.82,9.3,4.51
1740959524,-3.89,-0.51,-5.91
1740959524,0.5,3.02,-3.36
1740959524,-3.39,8.95,5.08
1740959524,-1.02,2.92,-2.57
1740959524,5.26,-8.13,4.62
1740959524,7.25,-3.46,-4.1
1740959525,-22.04,16.71,-46.99
1740959525,-5.36,4.93,-9.9
1740959525,-0.26,5.85,-5.06
1740959525,2.87,-9.81,-0.54
1740959525,-4.16,1.95,-3.9
1740959525,7.71,6.96,7.02
1740959525,-8.85,-9.66,-5.68
1740959525,-3.67,-0.75,9.96
1740959525,2.51,1.34,9.2
1740959525,-6.3,-0.74,4.61
1740959526,-4.01,8.97,2.69
1740959526,-5.06,9.85,-7.16
1740959526,-5.15,-2.52,-4.07
1740959526,2.04,-1.79,4.48
1740959526,-38.62,28.79,30.7
1740959526,-6.98,-6.6,-4.78
1740959526,7.52,-6.99,8.11
1740959526,-2.84,-16.71,-32.91
1740959526,6.08,4.79,-8.56
1740959526,2.39,-9.49,-7.2
1740959527,-6.91,-4.27,1.29
1740959527,8.64,1.32,-8.45
1740959527,-60.86,86.0,-14.33
1740959527,6.09,0.28,4.07
1740959527,-27.48,7.38,43.74
1740959527,8.99,5.16,-8.04
1740959527,-2.28,-3.48,1.51
1740959527,-3.08,-5.39,-3.24
1740959527,3.16,-0.51,4.5
1740959527,2.49,-9.17,3.19
1740959528,6.58,6.1,4.94
1740959528,-1.78,7.96,3.02
1740959528,0.26,-0.34,8.06
1740959528,-9.3,7.13,-0.8
1740959528,-1.38,-2.72,8.86
1740959528,4.59,-3.98,3.27
1740959528,-0.82,-0.58,-7.68
1740959528,-1.5,6.22,0.45
1740959528,-2.75,4.62,1.79
1740959528,-0.52,8.48,1.29
1740959529,-4.17,-9.55,-6.68
1740959529,-8.95,1.28,-6.73
1740959529,8.15,-5.33,-7.31
1740959529,30.8,-31.4,-10.37
1740959529,8.29,-7.94,1.27
1740959529,1.38,5.3,-7.39
1740959529,-4.81,-0.46,-0.36
1740959529,-2.52,5.52,8.38
1740959529,-5.37,-6.86,-7.08
1740959529,8.23,-6.82,-0.43
1740959530,-67.12,-128.38,-16.0
1740959530,1.07,6.4,-3.09
1740959530,-0.31,9.14,-2.7
1740959530,-7.92,-8.9,3.89
1740959530,3.15,-9.11,1.08
1740959530,6.79,-2.02,5.56
1740959530,-2.76,-1.64,-4.71
1740959530,-2.6,-2.72,9.45
1740959530,-6.52,-9.04,-1.76
1740959530,-8.59,-9.83,-0.97
1740959531,1.52,7.32,9.93
1740959531,4.57,-9.23,5.21
1740959531,-0.98,-5.93,-3.46
1740959531,-1.54,-8.06,-9.92
1740959531,-1.09,3.66,5.31
1740959531,-41.89,-43.12,22.95
1740959531,0.87,3.75,-2.62
1740959531,9.5,-3.12,3.7
1740959531,0.08,-2.67,4.54
1740959531,0.48,6.32,5.99
1740959532,-3.32,-4.69,-8.33
1740959532,-2.21,-1.67,5.17
1740959532,-6.35,-5.6,1.73
1740959532,-8.79,6.71,7.52
1740959532,1.39,6.53,2.27
1740959532,-0.76,-0.44,0.79
1740959532,-8.83,5.43,-5.8
1740959532,32.2,-7.27,2.29
1740959532,4.12,4.18,8.17
1740959532,-4.87,-9.7,1.19
1740959533,8.0,4.23,3.15
1740959533,-2.3,-8.42,2.54
1740959533,-1.2,-0.01,-9.52
1740959533,44.53,24.55,-33.29
1740959533,-4.37,-7.52,2.88
1740959533,-8.12,3.98,-6.15
1740959533,-3.0,-4.48,9.79
1740959533,-3.05,-9.12,1.98
1740959533,6.35,3.06,5.6
1740959533,-5.92,3.75,6.97
1740959534,-5.98,-9.07,-1.65
1740959534,2.17,-1.18,3.84
1740959534,7.66,2.95,8.92
1740959534,3.32,-7.9,5.04
1740959534,-2.99,8.7,1.44
1740959534,112.41,131.15,44.72
1740959534,9.21,-0.07,9.6
1740959534,-9.47,0.72,-3.56
1740959534,-1.16,-5.91,-8.42
1740959534,32.32,-22.66,19.96
1740959535,-8.07,-7.1,10.0
1740959535,26.36,-7.15,-4.89
1740959535,4.21,6.84,3.44
1740959535,-2.76,-3.61,8.8
1740959535,8.48,-2.95,-3.21
1740959535,6.3,7.47,-8.33
1740959535,1.78,2.59,5.46
1740959535,1.58,-0.11,-4.55
1740959535,48.86,-43.51,16.02
1740959535,-3.88,-1.13,8.07
1740959536,8.87,-2.27,5.89
1740959536,4.66,9.65,-2.3
1740959536,5.48,0.99,0.32
1740959536,9.77,-3.21,-7.87
1740959536,0.03,6.0,4.29
1740959536,-3.79,4.57,-7.75
1740959536,8.82,5.03,3.45
1740959536,-5.09,-2.62,3.89
1740959536,-186.45,26.6,181.93
1740959536,7.56,2.3,-6.36
1740959537,28.41,19.92,39.63
1740959537,7.54,1.25,6.92
1740959537,0.86,6.07,-6.56
1740959537,-1.61,1.4,-9.82
1740959537,-5.81,-0.35,-7.5
1740959537,-4.81,1.14,6.73
1740959537,6.78,9.22,1.25
1740959537,-7.7,-9.44,-1.34
1740959537,55.68,16.45,-93.82
1740959537,-6.01,7.23,-0.19
1740959538,4.37,1.3,-0.28
1740959538,2.1,-8.02,4.86
1740959538,0.09,0.44,-5.31
1740959538,-37.23,37.02,-44.11
1740959538,9.08,6.62,0.46
1740959538,-6.95,-9.11,6.63
1740959538,5.64,-6.48,1.34
1740959538,7.42,6.08,1.49
1740959538,5.09,-4.76,-5.32
1740959538,6.03,8.3,2.07
1740959539,-7.17,-3.61,-9.28
1740959539,-5.31,-8.43,6.74
1740959539,6.73,3.96,-7.28
1740959539,9.43,-7.23,-7.78
1740959539,-0.08,1.69,-0.09
1740959539,-7.7,-9.45,-9.27
1740959539,-1.1,9.26,9.98
1740959539,4.42,6.39,-8.47
1740959539,-3.33,8.14,-3.71
1740959539,-39.61,4.67,31.89
1740959540,1.37,-3.83,-5.35
1740959540,9.92,-0.75,6.29
1740959540,4.12,5.74,-9.36
1740959540,-2.26,8.59,0.43
1740959540,-8.18,8.48,-9.28
1740959540,-8.33,-6.92,-7.21
1740959540,4.38,-1.76,4.99
1740959540,9.41,3.45,-5.3
1740959540,2.23,2.66,-5.17
1740959540,-0.07,-5.34,4.88
1740959541,-35.9,-18.94,-33.56
1740959541,5.55,-1.2,-1.87
1740959541,1.14,1.99,2.14
1740959541,-0.25,4.9,-9.34
1740959541,3.84,-7.87,0.03
1740959541,-2.47,-3.49,-7.34
1740959541,-3.31,-2.09,-1.45
1740959541,0.74,0.87,-5.17
1740959541,7.12,4.67,9.02
1740959541,3.7,6.99,3.18
1740959542,3.37,-0.8,7.0
1740959542,-182.16,86.84,12.63
1740959542,1.03,4.39,-8.9
1740959542,-9.83,-0.46,-4.78
1740959542,-3.76,-7.09,5.74
1740959542,-6.97,-6.04,8.2
1740959542,-8.19,-6.36,8.61
1740959542,-4.46,7.16,7.74
1740959542,9.63,6.15,-5.03
1740959542,-4.37,-2.69,8.92
1740959543,-7.52,-0.51,-0.71
1740959543,-0.97,-0.37,9.92
1740959543,-86.58,181.36,96.97
1740959543,5.94,7.4,-9.62
1740959543,-9.78,6.63,8.61
1740959543,-6.64,-7.64,-1.19
1740959543,3.8,1.83,0.54
1740959543,0.09,3.63,3.63
1740959543,3.87,-4.86,0.53
1740959543,0.22,9.97,8.57
1740959544,-7.58,-1.81,-9.73
1740959544,-0.5,1.56,9.0
1740959544,-4.27,9.43,-0.03
1740959544,-0.91,9.91,4.45
1740959544,3.53,-8.1,-3.39
1740959544,7.67,-5.95,5.22
1740959544,28.42,-20.94,3.33
1740959544,-4.45,1.59,8.78
1740959544,-101.21,-45.7,117.29
1740959544,2.68,1.63,-3.5
1740959545,1.3,-5.17,-0.71
1740959545,-9.23,-2.21,-4.52
1740959545,-6.22,-1.35,6.17
1740959545,6.82,-7.83,-7.23
1740959545,7.33,5.96,6.36
1740959545,-7.35,-0.57,6.69
1740959545,-4.14,4.51,-9.2
1740959545,2.8,0.6,-5.58
1740959545,4.12,7.75,8.62
1740959545,2.44,0.96,-3.86
1740959546,4.95,-2.23,-2.19
1740959546,2.61,-1.24,5.46
1740959546,-1.19,-3.7,-6.86
1740959546,-6.22,2.71,1.33
1740959546,-4.47,-9.07,-0.58
1740959546,-48.99,-24.48,-12.4
1740959546,6.84,-6.14,9.37
1740959546,8.34,1.7,-9.82
1740959546,-6.28,-2.72,-7.91
1740959546,9.45,-5.89,3.1
1740959547,5.57,8.77,7.26
1740959547,1.42,-1.41,-5.57
1740959547,2.81,3.51,3.86
1740959547,-5.72,-6.71,-0.3
1740959547,-3.68,7.6,2.76
1740959547,-7.59,1.65,5.15
1740959547,-8.94,5.51,-2.56
1740959547,-5.69,9.45,-8.47
1740959547,-3.39,6.02,1.53
1740959547,4.34,6.91,-0.76
1740959548,-0.72,4.73,-3.55
1740959548,9.55,8.86,-2.62
1740959548,1.86,-7.82,-8.3
1740959548,6.0,44.86,-48.95
1740959548,-7.45,-2.15,5.62
1740959548,28.85,29.83,-39.77
1740959548,-0.76,0.95,9.39
1740959548,-0.07,-5.6,-0.34
1740959548,-6.83,1.43,-3.07
1740959548,29.92,-43.46,-6.96
1740959549,3.06,-6.6,-3.89
1740959549,-8.98,6.87,5.9
1740959549,-20.83,27.18,20.78
1740959549,-2.58,-8.09,5.37
1740959549,2.52,-0.34,-9.6
1740959549,-1.35,-4.31,3.96
1740959549,9.74,5.88,-8.0
1740959549,-6.42,-3.34,0.66
1740959549,4.08,0.58,3.35
1740959549,5.24,-16.79,18.36
1740959550,0.01,1.88,-1.58
1740959550,-8.65,0.49,9.31
1740959550,7.16,1.74,0.73
1740959550,-7.28,-1.54,-4.13
1740959550,3.36,6.88,7.52
1740959550,-0.81,-5.27,-7.67
1740959550,-7.35,-9.06,-5.33
1740959550,4.06,-5.91,-3.65
1740959550,-6.39,9.4,2.46
1740959550,-7.19,3.82,5.08
1740959551,-0.08,4.53,-9.11
1740959551,1.7,-8.54,-1.1
1740959551,0.16,-0.37,-4.17
1740959551,3.61,5.81,-1.38
1740959551,1.76,-7.8,-1.62
1740959551,9.34,-4.87,-3.18
1740959551,-3.29,-8.73,-5.14
1740959551,7.76,8.58,8.31
1740959551,-1.05,0.21,-5.1
1740959551,-1.58,2.44,5.0
1740959552,-7.48,-7.08,-2.0
1740959552,8.38,-8.69,-6.79
1740959552,-0.45,-7.55,6.28
1740959552,-5.76,-1.42,-1.45
1740959552,3.32,1.32,2.07
1740959552,1.95,6.21,4.42
1740959552,9.65,9.93,6.0
1740959552,-7.91,-6.59,-4.87
1740959552,-5.63,4.45,-8.0
1740959552,-0.85,2.44,1.41
1740959553,-2.03,4.33,9.66
1740959553,-4.34,6.44,2.82
1740959553,-2.23,0.04,-3.71
1740959553,-9.12,1.28,4.81
1740959553,-48.2,37.47,39.09
1740959553,2.79,-8.48,-9.2
1740959553,-4.04,8.74,8.06
1740959553,5.86,-9.23,8.92
1740959553,-0.77,-6.72,-5.53
1740959553,-6.94,-0.85,3.29
1740959554,-8.88,-5.23,7.01
1740959554,-3.29,8.22,-6.77
1740959554,-1.15,-2.89,-1.66
1740959554,-3.73,6.89,9.07
1740959554,3.24,-3.09,-0.27
1740959554,98.94,135.84,-105.58
1740959554,5.71,-8.26,-5.21
1740959554,-1.68,-8.5,3.25
1740959554,9.8,-8.58,9.11
1740959554,7.73,-4.87,-8.17
1740959555,-3.74,3.16,8.77
1740959555,1.19,9.32,3.17
1740959555,-8.13,-4.17,3.05
1740959555,9.04,-6.54,-9.42
1740959555,-6.72,8.38,8.79
1740959555,-2.58,5.52,0.9
1740959555,-31.34,-26.15,-28.24
1740959555,-0.47,1.8,-0.59
1740959555,3.39,7.32,9.0
1740959555,-0.29,-5.1,7.45
1740959556,-1.71,2.53,8.82
1740959556,0.61,-5.6,6.54
1740959556,-2.24,-7.87,-5.85
1740959556,153.32,-131.97,-191.28
1740959556,2.68,-3.62,4.67
1740959556,-9.35,-2.93,1.89
1740959556,-7.24,-9.54,5.27
1740959556,0.14,8.49,-9.85
1740959556,-5.59,4.77,-5.0
1740959556,5.57,-4.26,-2.11
1740959557,2.09,-1.48,-9.03
1740959557,-3.83,-4.03,4.78
1740959557,2.09,6.48,6.73
1740959557,9.34,-1.85,3.01
1740959557,-5.32,-6.05,1.18
1740959557,9.66,-8.54,-6.87
1740959557,4.8,-7.26,-7.29
1740959557,-4.73,-8.11,5.19
1740959557,-5.6,8.04,-0.75
1740959557,-5.6,5.0,1.22
1740959558,-2.59,-0.0,8.83
1740959558,-7.21,-7.28,8.53
1740959558,7.94,7.24,-5.74
1740959558,111.18,6.28,-82.21
1740959558,-8.84,4.3,-7.53
1740959558,-0.25,-5.75,-4.11
1740959558,1.46,7.68,-5.22
1740959558,9.45,0.22,-4.27
1740959558,-3.0,8.28,8.08
1740959558,3.2,-1.86,-2.69
1740959559,-25.13,-49.21,-10.68
1740959559,-8.04,-7.34,-9.48
1740959559,6.47,8.01,-1.91
1740959559,-41.57,19.15,-20.23
1740959559,-7.19,-4.4,8.29
1740959559,-27.58,36.53,-42.57
1740959559,-1.89,2.98,-5.38
1740959559,7.98,5.77,6.28
1740959559,5.09,4.77,4.96
1740959559,-3.34,5.37,0.44
1740959560,-9.33,-8.77,-5.49
1740959560,1.87,2.73,5.48
1740959560,7.73,3.09,7.27
1740959560,8.8,7.25,-4.86
1740959560,9.61,-8.54,-9.02
1740959560,-4.35,-1.63,-5.23
1740959560,7.15,4.13,-0.14
1740959560,19.54,29.26,19.07
1740959560,1.77,-8.8,-7.7
1740959560,3.96,0.74,-8.31
1740959561,5.44,-8.82,1.17
1740959561,-8.84,-2.41,4.84
1740959561,0.8,5.67,-3.23
1740959561,37.2,79.51,-172.25
1740959561,3.93,9.85,-8.18
1740959561,1.77,-7.57,8.25
1740959561,4.44,-7.66,9.08
1740959561,-30.61,-10.05,-30.76
1740959561,-5.14,-1.8,-7.88
1740959561,-5.65,-4.46,9.87
1740959562,-7.29,-8.57,-1.46
1740959562,-6.98,-0.73,0.09
1740959562,-7.48,9.97,0.4
1740959562,-4.98,9.23,-6.83
1740959562,-20.58,-40.74,25.34
1740959562,-7.9,9.98,-0.45
1740959562,-9.28,-6.55,-9.88
1740959562,-6.95,6.23,-5.79
1740959562,-6.74,-2.93,2.15
1740959562,1.93,6.6,-2.86
1740959563,0.81,6.79,-8.15
1740959563,0.99,-7.74,2.38
1740959563,5.51,3.44,4.95
1740959563,9.52,-6.68,-0.32
1740959563,-2.34,0.08,-2.05
1740959563,3.78,-4.93,6.86
1740959563,3.67,5.36,-8.86
1740959563,-0.32,-3.3,7.61
1740959563,1.07,4.05,5.98
1740959563,-26.47,-4.16,38.08
1740959564,-0.12,0.75,-2.81
1740959564,7.04,-4.5,-6.99
1740959564,7.49,-0.49,-6.39
1740959564,9.15,1.29,8.0
1740959564,6.81,-4.07,9.55
1740959564,-4.75,-7.03,0.81
1740959564,1.03,-0.76,9.72
1740959564,36.66,0.11,7.61
1740959564,1.57,-6.48,6.75
1740959564,-5.87,-3.53,1.39
1740959565,7.58,1.06,6.3
1740959565,5.23,6.24,-8.59
1740959565,-4.25,6.15,-3.06
1740959565,-4.26,-9.64,-3.46
1740959565,-2.8,-3.21,4.36
1740959565,9.03,8.49,1.43
1740959565,-6.02,3.74,-7.95
1740959565,-0.68,0.24,8.51
1740959565,2.82,1.89,-8.51
1740959565,-3.89,-9.98,-6.64
1740959566,-8.33,7.38,-4.85
1740959566,-4.21,9.46,-3.74
1740959566,-8.35,1.0,1.22
1740959566,7.9,-7.69,-8.47
1740959566,3.09,-1.04,9.64
1740959566,1.45,-1.0,-3.45
1740959566,-2.28,-7.06,0.01
1740959566,-7.74,5.43,-9.35
1740959566,8.22,8.74,-3.13
1740959566,1.14,-4.75,4.01
1740959567,-8.16,-3.82,6.81
1740959567,3.88,-135.28,113.1
1740959567,1.54,-2.08,4.67
1740959567,-7.5,9.0,4.41
1740959567,0.74,-29.54,49.35
1740959567,4.16,-1.27,5.62
1740959567,27.23,22.84,43.34
1740959567,-0.88,-7.01,-4.69
1740959567,-2.33,6.88,8.26
1740959567,-20.25,12.7,-9.03
1740959568,-6.39,1.41,7.11
1740959568,-7.26,0.25,-4.39
1740959568,2.37,4.8,-8.75
1740959568,42.44,-43.92,0.85
1740959568,-7.03,7.18,-28.17
1740959568,8.91,-3.42,2.2
1740959568,14.04,29.77,34.36
1740959568,2.25,5.76,-3.11
1740959568,-7.14,8.1,9.7
1740959568,7.83,-1.39,-8.79
1740959569,-7.96,7.2,-9.58
1740959569,-2.74,-3.41,9.44
1740959569,4.56,-9.21,-4.28
1740959569,-3.6,-6.56,-6.22
1740959569,-1.56,8.17,-8.29
1740959569,2.7,1.2,-8.4
1740959569,-0.94,4.47,-5.34
1740959569,-1.88,-0.58,-1.32
1740959569,9.6,0.53,-0.43
1740959569,7.23,6.66,-9.38
1740959570,0.29,1.42,5.1
1740959570,-1.65,-1.2,-7.94
1740959570,9.64,-8.08,9.55
1740959570,-4.31,-2.26,-6.54
1740959570,7.12,7.14,7.05
1740959570,-9.15,6.42,2.37
1740959570,-5.23,9.3,7.97
1740959570,-1.65,7.73,-3.33
1740959570,3.14,-4.71,-3.13
1740959570,-8.08,-8.73,-1.61
1740959571,-4.69,6.78,2.85
1740959571,-9.54,-3.2,3.24
1740959571,5.82,-1.65,-6.72
1740959571,2.25,-2.29,-2.54
1740959571,6.31,-3.87,-3.13
1740959571,-8.6,-9.15,-7.39
1740959571,8.88,0.82,1.06
1740959571,0.14,6.44,8.53
1740959571,-6.25,2.82,-3.04
1740959571,-0.31,-14.78,-6.54
1740959572,-1.85,-6.14,2.77
1740959572,-8.41,-4.76,-7.89
1740959572,5.05,-7.98,-7.46
1740959572,34.63,26.99,100.23
1740959572,-7.74,-1.23,-9.78
1740959572,1.28,-6.53,2.89
1740959572,-2.84,-6.15,-2.23
1740959572,2.32,-1.95,-1.6
1740959572,6.72,0.36,-7.45
1740959572,4.6,-4.99,-6.16
1740959573,-3.89,-1.02,4.92
1740959573,-36.99,-10.4,48.13
1740959573,-8.88,-7.32,9.47
1740959573,4.18,-7.46,-7.9
1740959573,-29.14,36.14,45.47
1740959573,-8.26,5.98,6.08
1740959573,-8.21,-7.11,4.99
1740959573,6.52,-7.31,0.23
1740959573,0.71,-9.29,4.05
1740959573,-8.14,-2.64,0.62
1740959574,-2.75,-4.6,0.33
1740959574,-1.93,-1.58,-4.33
1740959574,8.4,-0.46,7.08
1740959574,5.82,-1.96,-3.61
1740959574,3.42,8.85,5.4
1740959574,5.18,-3.27,-8.13
1740959574,8.22,8.93,7.29
1740959574,3.53,-4.53,-3.01
1740959574,28.08,-23.88,28.22
1740959574,1.51,-6.69,7.6
1740959575,-7.6,-2.28,9.51
1740959575,-8.09,1.52,5.49
1740959575,-2.2,7.97,0.53
1740959575,-5.85,-4.62,-0.02
1740959575,-4.15,4.83,-8.21
1740959575,1.0,-6.58,3.88
1740959575,-3.96,8.35,9.79
1740959575,-0.77,-7.55,9.5
1740959575,7.31,3.88,5.48
1740959575,-5.71,8.17,-7.9
1740959576,-6.6,-2.1,9.73
1740959576,-4.56,-6.12,-8.44
1740959576,-0.03,-6.21,-5.87
1740959576,-8.37,-7.91,3.02
1740959576,-7.56,-1.84,-6.38
1740959576,-9.45,-9.1,9.23
1740959576,-38.26,-26.85,-26.07
1740959576,0.83,-2.08,-4.27
1740959576,-5.71,0.6,-8.96
1740959576,-9.5,2.14,-6.94
1740959577,-6.58,-7.58,-5.83
1740959577,13.04,41.53,-45.31
1740959577,-7.01,8.49,8.67
1740959577,-5.85,6.96,1.73
1740959577,-0.97,0.38,-8.56
1740959577,8.61,24.83,9.07
1740959577,-2.88,29.95,-46.29
1740959577,-2.24,1.9,-9.57
1740959577,-2.09,3.7,9.18
1740959577,-0.57,-8.08,9.58
1740959578,3.93,1.62,-7.5
1740959578,22.18,48.42,43.75
1740959578,3.57,-9.72,5.65
1740959578,9.28,4.46,9.48
1740959578,-8.82,-5.16,-2.13
1740959578,-0.2,2.63,7.43
1740959578,-9.94,1.45,-2.81
1740959578,-0.53,7.32,1.76
1740959578,3.43,7.75,1.68
1740959578,-6.92,1.51,6.49
1740959579,-0.64,1.88,4.9
1740959579,-1.98,5.51,8.48
1740959579,-3.34,7.38,3.11
1740959579,-0.66,-8.92,3.86
1740959579,-43.27,17.56,-12.32
1740959579,-5.47,5.3,8.24
1740959579,-48.3,15.42,-12.54
1740959579,6.47,3.14,7.91
1740959579,-9.92,-0.06,3.47
1740959579,6.61,-7.31,7.32
1740959580,-49.94,-31.65,35.85
1740959580,1.16,-6.6,-1.53
1740959580,-5.69,-1.3,-5.92
1740959580,-4.38,7.47,5.44
1740959580,1.47,0.87,2.61
1740959580,-8.11,-4.15,0.59
1740959580,-6.76,2.15,1.4
1740959580,-2.89,7.6,0.51
1740959580,3.57,-2.07,7.28
1740959580,8.71,3.12,2.28
1740959581,1.51,5.2,4.6
1740959581,3.46,-5.41,8.75
1740959581,5.92,9.4,4.79
1740959581,41.4,46.9,10.46
1740959581,4.94,7.3,9.27
1740959581,-28.66,30.18,18.39
1740959581,-3.86,5.09,9.64
1740959581,8.01,-1.28,2.23
1740959581,17.59,70.26,-147.85
1740959581,8.4,3.17,6.81
1740959582,-0.0,7.16,3.57
1740959582,-1.7,4.49,6.84
1740959582,9.14,-6.63,4.04
1740959582,-6.29,1.47,8.45
1740959582,42.32,34.46,-29.17
1740959582,-7.74,-6.54,4.26
1740959582,9.34,5.36,-4.64
1740959582,6.55,-6.03,1.12
1740959582,33.73,-10.05,19.97
1740959582,1.06,-4.28,3.54
1740959583,-9.93,-6.22,-3.0
1740959583,8.34,-3.25,-7.22
1740959583,5.02,-4.87,-2.09
1740959583,-4.87,2.42,6.87
1740959583,6.85,-8.99,-3.97
1740959583,-6.63,-38.89,8.18
1740959583,-0.95,6.94,-8.1
1740959583,6.44,-7.76,-3.89
1740959583,6.59,6.27,7.39
1740959583,-2.33,3.91,-1.42
1740959584,4.43,6.88,-5.88
1740959584,3.82,-5.75,8.95
1740959584,-8.37,6.41,-4.59
1740959584,-167.77,61.24,-129.67
1740959584,-7.04,6.12,-3.93
1740959584,4.12,9.27,-8.72
1740959584,-8.38,7.85,-1.63
1740959584,-9.9,-7.4,3.19
1740959584,-2.14,-8.78,7.93
1740959584,-4.21,-7.31,-2.31
1740959585,-5.23,7.23,7.78
1740959585,5.06,-8.73,0.68
1740959585,-9.21,-8.87,2.18
1740959585,6.52,0.61,8.19
1740959585,3.5,4.5,-2.58
1740959585,4.86,-6.55,-3.74
1740959585,2.51,9.69,5.11
1740959585,3.04,7.11,1.54
1740959585,-17.39,-24.6,-3.02
1740959585,-0.37,-7.79,-3.2
1740959586,42.05,-18.71,-10.02
1740959586,-45.63,98.26,30.08
1740959586,9.93,0.58,-2.1
1740959586,3.57,-3.95,-3.87
1740959586,40.4,40.42,0.25
1740959586,-20.02,-30.95,-4.63
1740959586,-0.56,-8.26,3.58
1740959586,-3.18,-1.77,0.05
1740959586,7.47,-4.43,1.3
1740959586,-4.83,-9.92,7.84
1740959587,8.57,0.45,-0.96
1740959587,0.53,-4.53,7.53
1740959587,-8.71,-8.18,2.47
1740959587,-3.31,-3.37,-3.83
1740959587,-4.01,-4.25,5.42
1740959587,0.84,4.38,0.26
1740959587,-5.43,-4.09,-6.55
1740959587,1.69,4.49,2.15
1740959587,-8.93,-5.22,-8.43
1740959587,-3.35,-0.16,7.18
1740959588,-2.26,-4.39,-3.24
1740959588,5.33,-2.06,-6.88
1740959588,-7.0,-2.33,8.29
1740959588,9.96,0.07,-1.15
1740959588,9.18,-7.31,-5.48
1740959588,6.69,-9.16,-1.25
1740959588,-1.33,1.57,5.59
1740959588,-6.56,2.63,-8.99
1740959588,-7.88,-2.94,-1.02
1740959588,5.41,-1.99,8.6
1740959589,0.73,-3.32,5.56
1740959589,1.73,7.58,0.86
1740959589,1.62,5.42,6.94
1740959589,0.36,1.47,6.32
1740959589,9.26,7.7,-5.5
1740959589,-6.9,1.09,5.16
1740959589,-9.33,0.54,5.1
1740959589,24.94,-27.87,12.28
1740959589,-2.06,8.41,-9.56
1740959589,7.64,-6.11,6.42
1740959590,-9.18,3.38,-1.01
1740959590,-35.38,47.88,-44.95
1740959590,7.34,1.02,3.07
1740959590,4.0,-3.22,-3.86
1740959590,2.11,-0.18,6.82
1740959590,-46.74,-1.66,-46.44
1740959590,-8.06,3.3,-7.02
1740959590,3.97,3.58,-8.51
1740959590,-9.22,1.8,-6.92
1740959590,5.26,-3.36,-7.08
1740959591,5.57,-8.98,0.61
1740959591,-7.12,-7.07,-8.41
1740959591,-3.92,-5.52,7.25
1740959591,9.25,-0.92,0.29
1740959591,-1.56,3.6,-0.03
1740959591,0.12,1.28,6.93
1740959591,3.68,-0.39,-1.54
1740959591,6.76,5.09,-4.51
1740959591,-4.57,-2.3,-1.77
1740959591,-44.62,31.5,-21.77
1740959592,0.95,-0.75,-8.03
1740959592,-7.21,-3.43,4.08
1740959592,-1.48,8.54,2.41
1740959592,4.27,2.55,-5.1
1740959592,-8.54,4.58,-7.38
1740959592,0.12,-6.42,-5.48
1740959592,1.06,-0.69,5.92
1740959592,8.73,7.12,1.35
1740959592,-0.26,0.49,1.47
1740959592,3.94,-1.19,2.13
1740959593,6.67,-9.12,-7.98
1740959593,5.88,5.81,-9.52
1740959593,6.77,0.16,-5.64
1740959593,2.89,8.17,-4.11
1740959593,-7.88,4.07,3.76
1740959593,8.24,-4.06,-4.64
1740959593,-6.24,-5.55,-4.05
1740959593,5.87,5.71,5.23
1740959593,-8.46,0.51,-0.45
1740959593,175.92,-92.77,-55.88
1740959594,-139.02,-94.44,-197.05
1740959594,2.66,-0.34,9.94
1740959594,-7.89,3.14,-8.39
1740959594,-1.4,4.52,2.32
1740959594,4.18,6.23,-0.68
1740959594,-7.71,5.84,8.26
1740959594,-0.98,0.62,6.37
1740959594,4.86,-3.12,5.72
1740959594,5.97,6.66,-9.4
1740959594,0.86,-2.99,-8.93
1740959595,4.8,1.95,8.65
1740959595,6.46,-5.55,-7.32
1740959595,3.28,7.74,-9.38
1740959595,6.69,-9.15,-5.85
1740959595,2.26,7.74,2.41
1740959595,-8.6,-0.69,9.78
1740959595,4.76,-9.73,1.59
1740959595,8.66,-3.42,2.46
1740959595,1.52,6.25,5.02
1740959595,4.98,-3.25,-7.63
1740959596,2.82,-3.62,-2.43
1740959596,-5.6,6.34,-2.08
1740959596,-5.38,-3.28,-8.58
1740959596,36.34,27.39,3.54
1740959596,-0.87,-0.26,-8.79
1740959596,3.85,4.99,-8.59
1740959596,5.24,0.02,2.3
1740959596,9.67,0.41,7.12
1740959596,35.91,40.21,-15.5
1740959596,2.32,6.28,2.71
1740959597,1.17,-3.28,0.37
1740959597,5.32,-7.05,-7.95
1740959597,21.52,-45.12,-48.02
1740959597,-1.15,2.7,-3.53
1740959597,-0.17,3.85,6.74
1740959597,-9.58,-6.33,3.15
1740959597,25.92,-16.35,19.98
1740959597,-4.91,9.74,-2.81
1740959597,3.66,6.73,-6.96
1740959597,-8.82,4.67,-9.05
1740959598,-8.28,8.59,4.11
1740959598,-4.04,-5.83,8.02
1740959598,-40.2,15.66,-42.44
1740959598,4.3,0.33,9.48
1740959598,-8.73,1.49,-2.44
1740959598,7.42,-4.28,5.95
1740959598,7.67,1.65,8.24
1740959598,7.67,2.95,-0.17
1740959598,-6.16,2.67,-3.33
1740959598,-2.87,-0.17,-4.78
1740959599,4.88,5.74,-9.31
1740959599,-1.08,9.47,9.77
1740959599,-8.02,6.04,-0.31
1740959599,-3.35,2.68,-7.14
1740959599,5.73,2.67,-2.97
1740959599,-0.36,8.47,-1.12
1740959599,-1.17,-3.5,-3.3
1740959599,-2.85,2.51,-1.76
1740959599,-6.12,-2.98,7.98
1740959599,3.88,0.03,-3.14
1740959600,1.35,1.49,-4.85
1740959600,-3.71,-5.04,4.34
1740959600,-5.5,-3.09,-0.75
1740959600,-4.92,6.37,7.46
1740959600,8.9,-3.91,-8.17
1740959600,-9.36,5.47,9.74
1740959600,-5.81,-3.87,1.88
1740959600,9.69,5.1,-1.67
1740959600,-1.76,-0.91,-7.37
1740959600,4.66,-1.94,2.58
1740959601,18.87,31.15,-11.5
1740959601,-8.4,1.5,6.97
1740959601,-4.55,-3.97,-4.34
1740959601,6.13,-2.01,3.95
1740959601,9.53,7.25,3.85
1740959601,-4.77,8.11,-6.92
1740959601,6.92,4.63,-2.65
1740959601,4.18,1.27,-3.0
1740959601,4.5,-7.62,5.55
1740959601,6.74,2.26,7.9
1740959602,0.23,-4.82,-3.41
1740959602,-2.27,0.27,-4.89
1740959602,-2.11,2.48,4.51
1740959602,5.58,-1.55,-1.86
1740959602,-14.86,7.02,-12.36
1740959602,4.78,-4.46,8.44
1740959602,35.53,24.38,42.89
1740959602,-8.48,-2.67,1.27
1740959602,-12.57,-5.47,-38.83
1740959602,0.64,-4.95,6.81
1740959603,8.65,-6.55,-1.13
1740959603,6.16,1.07,1.57
1740959603,6.7,0.59,-2.46
1740959603,4.06,-8.66,7.12
1740959603,-8.99,-0.01,-7.31
1740959603,8.45,8.53,-4.22
1740959603,9.24,-8.03,-8.81
1740959603,15.15,-46.61,-39.5
1740959603,8.72,3.03,-7.78
1740959603,2.93,-3.26,-1.08
1740959604,-3.36,0.18,3.94
1740959604,2.62,-7.71,3.02
1740959604,5.42,4.32,-2.12
1740959604,-4.2,4.78,2.37
1740959604,-8.78,0.26,-0.56
1740959604,8.62,-1.63,3.41
1740959604,-8.1,-8.51,-2.68
1740959604,7.24,9.46,-4.54
1740959604,-1.9,-4.72,3.15
1740959604,-4.17,22.18,20.0
1740959605,1.52,-5.56,4.96
1740959605,4.26,9.93,-7.78
1740959605,-6.49,-6.63,-4.15
1740959605,-9.43,-0.03,6.97
1740959605,13.03,-43.3,-12.4
1740959605,-4.62,-7.56,2.59
1740959605,-4.63,-4.67,-6.6
1740959605,0.43,-6.97,3.78
1740959605,-13.98,18.31,-11.44
1740959605,2.84,5.21,-4.34
1740959606,-5.81,2.84,6.02
1740959606,6.99,-8.69,3.88
1740959606,6.82,3.26,4.38
1740959606,1.04,8.52,4.83
1740959606,3.91,-6.27,-8.84
1740959606,-2.23,3.13,-8.45
1740959606,6.55,1.93,-6.47
1740959606,-2.03,-2.74,2.07
1740959606,8.34,-5.89,-3.39
1740959606,-4.2,1.69,4.18
1740959607,-198.39,192.72,107.18
1740959607,1.95,-8.14,4.23
1740959607,-8.91,-1.85,-3.62
1740959607,-7.74,-7.16,0.41
1740959607,8.06,-5.18,-8.66
1740959607,0.9,-1.46,-6.63
1740959607,-3.09,-9.08,-6.49
1740959607,-4.84,2.55,-6.34
1740959607,150.42,-18.88,-53.84
1740959607,2.56,-2.65,-2.53
1740959608,6.07,2.7,1.46
1740959608,3.77,-7.58,4.66
1740959608,1.79,-9.78,5.41
1740959608,-48.88,-40.17,-0.29
1740959608,-4.55,3.64,0.73
1740959608,-9.33,-9.5,-8.08
1740959608,-5.87,-5.55,-8.16
1740959608,14.33,11.88,-18.69
1740959608,-0.75,7.38,9.32
1740959608,0.73,-2.18,1.3
1740959609,5.16,-4.07,4.24
1740959609,-0.36,-7.2,7.56
1740959609,-7.68,-3.02,-0.46
1740959609,1.07,-4.85,-8.23
1740959609,-0.6,4.42,-2.74
1740959609,-0.82,5.05,-37.34
1740959609,-0.87,6.6,9.31
1740959609,9.4,6.06,0.44
1740959609,2.21,7.49,4.12
1740959609,-9.28,-3.96,-8.47
1740959610,-9.27,-7.13,-5.59
1740959610,1.05,8.21,9.08
1740959610,-9.24,-4.94,1.15
1740959610,8.93,4.11,-6.35
1740959610,-3.51,-3.82,0.82
1740959610,-6.86,-3.34,-8.78
1740959610,5.88,-3.92,-4.37
1740959610,-0.07,4.68,-9.44
1740959610,0.94,6.12,-1.51
1740959610,7.69,-4.87,-9.57
1740959611,7.44,-6.54,-0.8
1740959611,-3.47,6.11,-3.61
1740959611,-5.97,-6.08,-0.69
1740959611,46.48,43.34,47.97
1740959611,-3.02,-0.79,1.73
1740959611,-4.31,9.47,-6.45
1740959611,7.25,2.08,-8.19
1740959611,5.09,-2.58,1.6
1740959611,-5.81,9.5,-2.41
1740959611,-9.81,-8.26,3.64
1740959612,-0.19,0.99,2.78
1740959612,2.84,-7.27,-4.81
1740959612,4.66,-1.74,5.38
1740959612,5.74,-6.5,8.56
1740959612,8.27,6.3,-4.91
1740959612,3.23,-9.65,-1.58
1740959612,-3.84,-4.79,7.54
1740959612,9.03,-6.93,0.79
1740959612,-4.51,9.44,-1.56
1740959612,-9.74,7.62,-0.41
1740959613,-4.05,-3.33,9.88
1740959613,1.79,6.87,4.05
1740959613,-8.42,-7.46,-9.3
1740959613,-7.54,-1.21,9.42
1740959613,7.25,-7.59,39.98
1740959613,-0.72,5.17,6.03
1740959613,6.75,2.31,-3.72
1740959613,-9.37,3.43,8.64
1740959613,79.15,160.34,31.49
1740959613,6.29,-0.58,-0.93
1740959614,9.28,7.53,-1.6
1740959614,2.53,-1.16,-9.35
1740959614,8.41,-6.72,-0.89
1740959614,9.37,-5.14,9.87
1740959614,-7.02,-7.8,4.16
1740959614,-5.73,-0.09,4.55
1740959614,-7.14,-3.03,4.84
1740959614,3.35,-4.52,5.25
1740959614,5.35,-1.35,1.65
1740959614,2.04,2.93,-7.87
1740959615,-3.01,2.02,-3.29
1740959615,0.04,3.61,7.97
1740959615,-156.63,157.15,103.48
1740959615,-3.37,-4.29,5.7
1740959615,2.09,9.08,-9.01
1740959615,0.8,-2.27,4.81
1740959615,0.86,4.95,-8.78
1740959615,1.78,1.51,7.66
1740959615,7.28,8.23,3.49
1740959615,2.47,5.24,1.95
1740959616,1.08,-7.08,9.76
1740959616,-3.36,8.03,4.34
1740959616,-2.03,-8.61,-8.9
1740959616,9.68,-4.22,-9.18
1740959616,-5.6,-8.8,1.91
1740959616,-20.46,-34.11,19.38
1740959616,126.29,191.11,37.88
1740959616,2.26,-0.6,9.7
1740959616,-7.61,-1.9,5.05
1740959616,8.29,4.38,2.51
1740959617,-1.82,-4.11,-8.82
1740959617,-6.64,-9.93,4.25
1740959617,9.45,4.32,6.03
1740959617,-4.69,7.82,2.74
1740959617,7.93,-1.22,-9.26
1740959617,-6.3,7.8,7.9
1740959617,-11.91,-0.2,-34.36
1740959617,-1.09,-8.17,0.28
1740959617,8.58,-3.97,-8.06
1740959617,4.34,-4.1,-2.2
1740959618,-4.1,-7.8,6.53
1740959618,2.97,4.1,9.18
1740959618,-6.9,7.86,-6.38
1740959618,1.76,9.79,-4.6
1740959618,7.34,7.28,-2.15
1740959618,2.13,-3.66,3.05
1740959618,-3.73,-5.53,9.04
1740959618,43.3,43.79,-24.55
1740959618,2.45,3.16,3.26
1740959618,-2.99,6.56,9.27
1740959619,1.87,7.01,2.84
1740959619,7.25,-6.43,9.83
1740959619,7.61,-8.29,-0.38
1740959619,-2.55,0.33,6.34
1740959619,6.22,4.75,-2.41
1740959619,-18.9,-42.71,22.74
1740959619,-9.95,-1.68,-5.76
1740959619,-8.85,-7.05,1.12
1740959619,48.79,-12.92,-32.96
1740959619,-3.23,-9.65,6.54
1740959620,-6.67,3.54,0.14
1740959620,8.28,-9.28,-6.0
1740959620,5.44,3.66,5.02
1740959620,0.8,1.78,-5.56
1740959620,-6.43,2.79,-6.87
1740959620,4.7,7.35,-6.18
1740959620,-9.33,3.37,1.23
1740959620,3.77,1.52,8.78
1740959620,4.02,-0.95,-8.73
1740959620,3.84,-9.58,2.18
1740959621,-8.11,-38.49,7.12
1740959621,3.59,-3.03,4.05
1740959621,-5.14,9.1,-4.6
1740959621,-6.05,-9.03,-2.26
1740959621,3.56,9.36,7.09
1740959621,8.02,6.97,1.87
1740959621,2.13,4.88,9.57
1740959621,5.87,7.41,-4.14
1740959621,-134.25,41.92,-129.92
1740959621,27.99,-44.01,-26.15
1740959622,-2.34,7.35,-0.15
1740959622,6.52,3.65,7.06
1740959622,-3.96,-7.14,-0.21
1740959622,4.43,9.98,-1.91
1740959622,-6.83,9.04,-5.41
1740959622,-5.86,-6.89,5.34
1740959622,-3.62,9.14,-0.58
1740959622,-6.14,-4.06,-9.88
1740959622,106.46,-43.61,44.3
1740959622,-1.26,-8.12,-3.6
1740959623,-7.11,-5.15,8.2
1740959623,-4.13,-3.09,-5.67
1740959623,-1.01,2.5,-9.24
1740959623,2.17,0.99,8.84
1740959623,-9.66,-1.44,1.45
1740959623,2.28,-9.74,-3.01
1740959623,-7.37,7.76,-9.31
1740959623,-0.11,0.69,-8.59
1740959623,-0.68,3.38,3.12
1740959623,-7.07,-6.13,5.9
1740959624,-2.03,6.53,-2.4
1740959624,-3.99,-8.57,5.68
1740959624,-1.15,7.97,-12.7
1740959624,-6.21,-1.0,1.96
1740959624,4.56,-6.52,-5.84
1740959624,6.4,-4.34,-4.84
1740959624,9.75,8.62,6.88
1740959624,-1.25,-6.18,1.29
1740959624,4.54,4.46,3.19
1740959624,-0.19,-3.34,-4.31
1740959625,-35.91,-11.27,37.64
1740959625,-1.14,8.45,2.23
1740959625,-44.76,-11.7,-49.03
1740959625,3.83,2.55,5.58
1740959625,-8.32,-3.44,8.6
1740959625,-8.45,-1.82,9.95
1740959625,8.17,4.54,5.37
1740959625,4.78,-2.72,1.28
1740959625,7.29,4.71,2.84
1740959625,-0.77,2.73,-4.01
1740959626,-6.22,6.03,-2.28
1740959626,9.06,-8.53,-7.65
1740959626,-32.12,-35.27,0.22
1740959626,1.62,8.49,7.6
1740959626,2.03,-0.1,-6.98
1740959626,-30.17,-4.75,-8.5
1740959626,-5.08,3.19,9.45
1740959626,-9.54,-4.3,9.69
1740959626,3.39,5.6,6.71
1740959626,41.78,-11.5,-14.23
1740959627,7.46,5.75,-3.51
1740959627,-0.8,-2.57,1.53
1740959627,2.29,-5.75,-0.42
1740959627,4.42,2.47,6.71
1740959627,6.13,-4.74,-8.04
1740959627,22.57,31.77,39.37
1740959627,9.9,8.45,-6.7
1740959627,6.2,-6.79,0.75
1740959627,-98.4,166.44,-86.12
1740959627,-2.61,7.21,0.98
1740959628,-4.47,8.21,-4.96
1740959628,-0.81,5.47,9.55
1740959628,2.28,2.81,7.85
1740959628,6.82,1.93,2.67
1740959628,-8.92,8.48,-3.0
1740959628,-4.71,0.52,4.38
1740959628,-3.43,-7.61,3.91
1740959628,-0.9,0.01,3.87
1740959628,-3.65,-6.71,7.39
1740959628,4.7,1.77,-6.47
1740959629,-18.63,40.25,45.75
1740959629,-5.7,4.56,-0.75
1740959629,5.83,4.22,-9.9
1740959629,-8.51,-9.09,-2.42
1740959629,1.63,-5.32,-2.14
1740959629,-8.15,6.36,-6.3
1740959629,-8.92,-2.6,1.01
1740959629,-7.52,-2.58,3.99
1740959629,-48.64,41.19,9.97
1740959629,3.63,-3.13,1.74
1740959630,-7.62,-3.29,-1.54
1740959630,5.95,-1.92,2.84
1740959630,-8.73,6.44,-5.39
1740959630,9.36,8.57,-3.34
1740959630,-1.4,-1.17,3.62
1740959630,8.35,6.07,7.65
1740959630,-15.82,27.18,-3.31
1740959630,2.62,9.19,3.84
1740959630,8.37,-2.47,7.43
1740959630,151.1,169.34,-190.08
1740959631,-4.61,-0.31,3.48
1740959631,-1.26,-7.7,-2.96
1740959631,-1.91,-5.97,6.97
1740959631,-45.09,-30.03,-18.44
1740959631,-2.83,2.95,6.84
1740959631,37.89,-33.24,-0.89
1740959631,49.94,40.65,-5.33
1740959631,4.86,-4.92,2.09
1740959631,4.84,-2.66,7.4
1740959631,-2.92,-8.89,2.34
1740959632,7.8,-6.86,5.08
1740959632,-0.54,4.91,9.39
1740959632,-0.27,-0.32,-6.38
1740959632,-9.69,-4.74,4.24
1740959632,1.51,-1.63,2.87
1740959632,5.06,3.13,2.42
1740959632,9.38,-4.97,3.09
1740959632,-7.14,-0.64,1.27
1740959632,-2.81,31.3,14.4
1740959632,-5.37,-2.14,-5.22
1740959633,-3.68,-8.14,3.47
1740959633,-5.04,-6.37,0.74
1740959633,-0.64,0.84,2.2
1740959633,-150.71,-63.83,57.9
1740959633,110.56,-75.49,-6.4
1740959633,7.42,8.72,-7.19
1740959633,0.12,-4.11,-6.39
1740959633,-132.32,57.11,-7.81
1740959633,-0.41,-5.1,-4.66
1740959633,-10.68,-12.69,1.98
1740959634,-4.67,-1.33,-7.82
1740959634,-0.2,8.6,3.66
1740959634,-2.01,2.93,-6.75
1740959634,19.17,-14.42,-22.67
1740959634,6.74,-0.39,6.29
1740959634,-0.69,-0.23,-9.46
1740959634,-6.58,0.04,-8.71
1740959634,8.39,7.22,2.77
1740959634,-7.35,-8.98,-7.62
1740959634,0.03,1.74,-1.82
1740959635,-4.29,-8.3,-5.55
1740959635,2.11,-9.46,9.86
1740959635,0.87,7.03,5.24
1740959635,-2.14,6.82,3.16
1740959635,8.01,9.26,7.56
1740959635,9.45,-4.45,2.53
1740959635,8.4,-0.8,4.39
1740959635,5.59,-2.18,-6.87
1740959635,-3.86,8.84,3.29
1740959635,1.49,9.25,-0.31
1740959636,7.89,6.2,-6.16
1740959636,0.19,-0.58,-7.92
1740959636,-5.3,7.12,2.79
1740959636,-9.76,3.8,1.09
1740959636,7.72,-8.97,-5.5
1740959636,-1.08,1.74,9.14
1740959636,-3.69,2.85,-3.21
1740959636,5.54,-14.31,3.67
1740959636,-3.24,4.21,-9.35
1740959636,-3.55,8.33,2.33
1740959637,-27.98,31.29,28.4
1740959637,-7.48,-2.52,-8.5
1740959637,2.31,-6.77,-1.28
1740959637,8.52,-0.41,-4.08
1740959637,0.41,-9.32,-0.11
1740959637,-6.99,-6.82,-6.77
1740959637,-3.2,-7.2,9.51
1740959637,8.97,0.06,0.43
1740959637,4.15,-2.62,-4.87
1740959637,4.64,-7.62,-8.25
1740959638,-1.83,-7.93,7.09
1740959638,-2.75,6.32,-5.33
1740959638,1.76,8.13,-8.14
1740959638,4.05,9.89,1.42
1740959638,-6.45,9.15,-6.47
1740959638,1.92,3.67,-3.26
1740959638,-2.36,-0.48,-0.7
1740959638,5.63,9.06,3.13
1740959638,7.78,-6.88,-8.28
1740959638,6.26,-4.06,-6.15
1740959639,9.8,9.78,-6.9
1740959639,-2.53,0.66,4.67
1740959639,188.81,78.94,-7.05
1740959639,5.26,9.63,-3.01
1740959639,-3.98,1.27,4.66
1740959639,-0.03,0.11,4.91
1740959639,3.93,-8.96,-1.28
1740959639,2.39,2.14,0.04
1740959639,6.47,-0.69,-6.94
1740959639,-7.4,0.82,8.12
1740959640,9.94,6.21,-7.51
1740959640,-4.5,6.54,4.56
1740959640,7.3,-5.05,-5.98
1740959640,-8.03,4.69,3.25
1740959640,-4.31,6.46,3.39
1740959640,-4.57,1.8,7.72
1740959640,-9.2,4.2,-5.98
1740959640,9.98,-0.25,5.55
1740959640,-1.51,2.03,-8.01
1740959640,27.76,8.47,-17.02
1740959641,3.92,6.48,-3.84
1740959641,0.19,3.03,-2.57
1740959641,0.35,-6.71,-9.87
1740959641,2.92,-3.52,-0.78
1740959641,1.19,0.51,-0.3
1740959641,4.95,-5.73,7.03
1740959641,4.51,-4.38,-9.12
1740959641,5.45,-1.91,-9.85
1740959641,-3.36,7.56,-7.3
1740959641,-148.59,-42.73,-84.97
1740959642,-1.72,1.74,-6.13
1740959642,128.39,94.63,-165.9
1740959642,0.1,1.52,3.29
1740959642,-39.73,42.07,-38.86
1740959642,2.41,8.54,-5.89
1740959642,-29.31,-34.94,-44.21
1740959642,7.67,-4.36,-2.25
1740959642,1.44,6.43,-1.32
1740959642,2.15,-6.47,6.97
1740959642,53.17,40.74,14.44
1740959643,-24.15,-5.11,-3.82
1740959643,-4.26,-5.24,-0.37
1740959643,9.14,2.27,3.02
1740959643,2.63,2.65,7.46
1740959643,8.69,-7.89,7.06
1740959643,3.9,-177.33,-181.63
1740959643,0.57,9.31,-0.14
1740959643,-7.59,3.42,4.32
1740959643,20.99,-15.62,-39.54
1740959643,-6.33,-8.49,7.08
1740959644,-7.15,1.37,1.39
1740959644,9.17,-6.14,7.05
1740959644,-6.42,5.83,-2.63
1740959644,-0.3,6.88,6.88
1740959644,3.57,3.62,6.38
1740959644,-5.68,-3.46,1.63
1740959644,9.54,2.24,-7.73
1740959644,-4.61,-0.08,2.6
1740959644,-5.62,1.64,0.84
1740959644,9.8,-8.73,0.14
1740959645,2.67,2.85,1.09
1740959645,-4.1,-7.45,8.69
1740959645,-3.27,-9.51,4.68
1740959645,-0.74,8.34,-8.41
1740959645,6.46,0.84,0.26
1740959645,-5.15,6.71,4.31
1740959645,-5.07,-1.26,5.1
1740959645,-8.97,-3.86,-7.43
1740959645,2.35,-1.26,-4.52
1740959645,-2.7,-4.58,3.5
1740959646,7.84,-4.65,5.0
1740959646,-47.6,-37.98,39.84
1740959646,-6.6,9.33,7.44
1740959646,199.33,125.26,-176.89
1740959646,0.37,2.42,9.4
1740959646,2.62,5.62,7.89
1740959646,9.79,-5.13,2.54
1740959646,5.73,3.89,1.53
1740959646,7.24,2.2,9.3
1740959646,6.88,9.12,5.03
1740959647,163.6,-125.68,-98.96
1740959647,-1.58,-7.4,-8.96
1740959647,8.05,-1.66,-0.14
1740959647,8.17,1.21,0.38
1740959647,8.97,-1.31,0.17
1740959647,5.57,-7.14,0.18
1740959647,-9.9,4.67,-5.55
1740959647,-0.33,9.6,-9.07
1740959647,8.1,-5.36,-8.01
1740959647,-7.61,6.32,5.59
1740959648,9.83,1.41,1.69
1740959648,5.67,0.69,-5.59
1740959648,4.82,8.33,7.6
1740959648,-8.31,-2.84,0.94
1740959648,-7.46,-9.2,8.71
1740959648,0.16,-6.47,-6.91
1740959648,-9.18,2.33,-3.12
1740959648,-1.88,8.76,6.66
1740959648,9.32,-5.2,2.81
1740959648,1.21,-0.47,4.87
1740959649,-1.06,-7.53,-8.17
1740959649,-1.8,9.65,-9.29
1740959649,0.66,-0.43,-6.64
1740959649,9.04,-6.71,-7.42
1740959649,-1.24,3.93,3.26
1740959649,55.1,-101.3,131.32
1740959649,-7.83,7.39,-3.51
1740959649,-5.67,-4.25,3.85
1740959649,-2.93,2.19,6.95
1740959649,7.15,4.18,9.5
1740959650,-6.88,-8.84,-3.78
1740959650,-5.07,-3.24,-9.33
1740959650,6.83,-4.1,-7.04
1740959650,1.57,-5.77,-2.24
1740959650,7.87,5.69,4.06
1740959650,-8.94,-33.13,11.33
1740959650,33.52,42.87,47.24
1740959650,2.27,-4.26,3.7
1740959650,-5.47,8.54,1.96
1740959650,-0.0,-0.85,0.54
1740959651,-4.37,-9.18,-0.05
1740959651,2.08,4.5,-7.27
1740959651,-6.96,-0.31,5.12
1740959651,8.44,-3.6,-2.23
1740959651,-0.91,-2.42,6.12
1740959651,-152.51,-147.06,192.85
1740959651,-1.23,-2.63,-4.96
1740959651,8.35,0.28,-7.22
1740959651,-1.45,-1.22,4.37
1740959651,-7.87,2.83,-6.48
1740959652,-48.46,-46.75,-17.75
1740959652,43.12,-21.58,25.78
1740959652,-4.2,8.16,9.17
1740959652,-1.62,9.74,8.18
1740959652,5.96,-7.81,-0.86
1740959652,-8.97,-4.73,-7.53
1740959652,-7.11,0.41,-24.79
1740959652,5.58,-7.25,-5.87
1740959652,8.34,7.7,-3.57
1740959652,5.78,-1.69,-2.86
1740959653,-7.92,-7.91,-1.07
1740959653,8.71,9.36,-7.93
1740959653,-0.25,8.86,7.52
1740959653,0.07,-6.78,-6.44
1740959653,9.45,7.34,5.08
1740959653,-5.99,-3.39,0.48
1740959653,-8.6,2.57,5.61
1740959653,-9.11,8.02,-2.07
1740959653,6.91,-4.23,4.25
1740959653,9.71,6.34,-9.74
1740959654,-8.36,2.03,-3.37
1740959654,2.67,-7.04,9.14
1740959654,2.87,-3.44,-4.96
1740959654,-7.08,-9.71,-9.85
1740959654,-2.93,-3.25,-0.7
1740959654,7.11,1.27,2.26
1740959654,8.35,-6.47,3.94
1740959654,7.33,9.61,-0.51
1740959654,-4.34,-0.16,4.42
1740959654,2.62,4.19,4.42
1740959655,4.02,9.4,-6.78
1740959655,2.26,-4.81,-4.69
1740959655,4.23,6.09,7.19
1740959655,3.11,-5.44,-3.95
1740959655,7.95,1.58,-4.61
1740959655,39.1,110.73,-133.72
1740959655,1.31,4.37,-9.84
1740959655,-9.39,-36.62,-43.44
1740959655,0.56,5.2,-7.03
1740959655,9.87,1.92,-9.98
1740959656,-5.82,9.12,2.73
1740959656,8.14,-8.5,4.61
1740959656,3.39,-8.32,5.08
1740959656,48.69,-42.59,20.87
1740959656,-4.21,7.1,7.48
1740959656,9.5,-8.67,-6.35
1740959656,8.21,-6.48,0.14
1740959656,-2.46,-2.36,-5.03
1740959656,-13.09,-44.67,-18.83
1740959656,-8.05,9.16,2.0
1740959657,2.17,4.38,4.7
1740959657,7.09,-7.5,6.53
1740959657,0.1,2.23,-7.6
1740959657,-20.3,-47.94,-34.8
1740959657,-4.94,-0.78,2.17
1740959657,-26.85,-18.3,-48.12
1740959657,9.58,6.29,3.47
1740959657,-6.83,-3.97,-3.25
1740959657,3.28,4.67,-0.09
1740959657,1.55,-8.74,-4.08
1740959658,6.87,-9.6,-1.43
1740959658,6.65,9.75,-4.19
1740959658,4.7,-0.63,1.27
1740959658,-1.98,-7.85,3.56
1740959658,-5.68,4.99,-9.82
1740959658,7.41,1.42,4.8
1740959658,-1.35,3.14,-5.87
1740959658,-1.4,1.77,-4.55
1740959658,-7.72,-0.11,1.43
1740959658,6.24,7.23,6.27
1740959659,47.88,-4.4,49.89
1740959659,-7.36,-4.51,3.59
1740959659,5.7,9.81,-9.04
1740959659,-2.24,2.37,0.1
1740959659,35.87,31.75,-49.66
1740959659,12.7,-9.5,-49.97
1740959659,-0.37,-3.37,4.4
1740959659,1.98,-7.65,6.88
1740959659,9.91,-1.19,1.47
1740959659,-2.76,9.06,-8.5
1740959660,-27.93,45.76,155.62
1740959660,1.91,8.58,-5.19
1740959660,0.08,-3.25,3.24
1740959660,-3.47,3.85,-6.82
1740959660,7.95,-4.93,-4.17
1740959660,1.46,-2.52,-4.18
1740959660,-4.59,-2.39,1.68
1740959660,5.4,-4.64,-1.74
1740959660,7.55,-4.07,9.98
1740959660,-6.86,6.74,-3.59
1740959661,7.43,8.85,3.12
1740959661,7.49,-7.98,8.31
1740959661,6.39,-6.0,-8.23
1740959661,4.34,-2.5,-4.92
1740959661,7.27,-1.89,-4.07
1740959661,-0.17,-4.75,-2.08
1740959661,12.44,-13.18,-43.85
1740959661,0.25,6.76,6.35
1740959661,1.19,5.09,9.07
1740959661,-7.19,-2.76,8.95
1740959662,8.0,-0.05,-8.3
1740959662,-2.47,1.42,2.97
1740959662,-7.21,9.22,-4.7
1740959662,4.45,1.55,-2.02
1740959662,-8.85,2.42,9.54
1740959662,-1.68,-5.76,-4.48
1740959662,6.61,1.72,4.42
1740959662,-3.44,0.23,8.14
1740959662,3.44,4.61,-2.92
1740959662,-32.67,41.35,22.91
1740959663,5.12,-8.62,4.12
1740959663,-8.21,4.76,-4.29
1740959663,-5.32,7.98,-8.26
1740959663,0.1,2.87,-4.31
1740959663,-3.11,-1.12,1.75
1740959663,-6.93,-9.12,-5.05
1740959663,1.26,6.3,-8.04
1740959663,7.22,-9.19,4.25
1740959663,3.86,-4.13,6.41
1740959663,5.72,6.51,-0.51
1740959664,-5.18,-8.45,2.41
1740959664,7.4,9.58,9.97
1740959664,-9.42,8.13,5.92
1740959664,-19.35,5.47,-14.54
1740959664,8.87,-1.65,-8.25
1740959664,-6.46,3.15,1.57
1740959664,1.43,3.66,-0.22
1740959664,-3.19,-8.43,2.09
1740959664,0.51,3.71,-1.76
1740959664,-7.46,-4.62,3.15
1740959665,-9.19,1.04,-6.21
1740959665,-9.38,8.19,6.73
1740959665,7.57,1.27,-9.19
1740959665,-5.36,-4.99,9.81
1740959665,0.92,-1.01,-1.62
1740959665,-8.41,0.3,-6.36
1740959665,8.74,7.59,-6.39
1740959665,6.72,1.12,1.07
1740959665,7.0,-0.37,0.0
1740959665,3.88,4.49,-4.98
1740959666,4.3,-0.18,6.69
1740959666,0.54,-1.63,-6.89
1740959666,9.51,7.88,-7.77
1740959666,-4.23,7.19,-3.41
1740959666,-8.11,-9.14,7.85
1740959666,-0.2,-1.74,6.08
1740959666,6.49,8.02,4.04
1740959666,-20.73,82.29,102.99
1740959666,0.93,4.04,0.67
1740959666,-7.69,-3.17,-8.83
1740959667,-4.25,0.38,-1.28
1740959667,-2.15,-4.82,-1.37
1740959667,-182.61,189.01,-121.17
1740959667,-1.59,8.92,6.09
1740959667,8.14,-3.33,8.66
1740959667,7.74,8.34,-0.7
1740959667,-9.18,9.92,-7.09
1740959667,-3.53,8.97,8.8
1740959667,9.01,2.98,7.56
1740959667,4.82,9.91,7.07
1740959668,-9.23,-1.6,4.37
1740959668,9.88,-5.89,-2.94
1740959668,3.19,40.76,10.04
1740959668,9.99,-9.6,0.58
1740959668,-1.34,-4.23,-7.95
1740959668,-0.16,-8.44,-1.37
1740959668,-4.63,-7.2,3.73
1740959668,-9.35,2.74,-9.25
1740959668,5.99,0.98,1.87
1740959668,9.82,-3.83,-8.57
1740959669,-2.31,0.19,-5.8
1740959669,3.42,8.74,5.35
1740959669,3.44,-8.15,8.2
1740959669,-2.0,-8.16,3.17
1740959669,-2.29,7.85,-5.56
1740959669,7.85,-9.21,-2.57
1740959669,-7.77,6.11,-3.33
1740959669,3.73,-4.03,-1.72
1740959669,-1.6,9.4,-3.53
1740959669,9.24,-4.05,-3.03
1740959670,-3.25,-2.1,-5.61
1740959670,1.94,-9.48,-6.52
1740959670,8.5,-1.29,8.08
1740959670,-9.28,-9.23,-1.68
1740959670,6.76,7.0,7.96
1740959670,17.7,-10.83,-48.82
1740959670,-1.6,6.39,1.28
1740959670,8.11,-2.33,-3.25
1740959670,-1.45,7.66,9.52
1740959670,-5.08,5.55,-0.98
1740959671,3.86,-2.13,-1.47
1740959671,-1.45,-0.27,2.73
1740959671,-3.41,-9.67,-6.25
1740959671,-190.45,60.58,-55.83
1740959671,2.24,7.29,9.5
1740959671,8.52,8.16,7.21
1740959671,-6.05,-4.62,-0.17
1740959671,9.92,-2.71,8.45
1740959671,-1.5,-4.13,-4.79
1740959671,7.04,-8.13,-3.13
1740959672,1.01,5.19,7.38
1740959672,-0.65,8.71,8.55
1740959672,-23.95,-191.61,94.43
1740959672,3.34,6.57,-8.9
1740959672,-2.42,-3.91,8.33
1740959672,-8.88,4.7,-6.17
1740959672,4.75,4.38,-4.16
1740959672,-7.73,8.01,4.18
1740959672,-3.52,2.7,-2.57
1740959672,2.32,6.14,2.46
1740959673,25.27,45.18,48.67
1740959673,8.59,8.23,4.1
1740959673,-10.0,7.83,-9.29
1740959673,-6.94,4.94,2.16
1740959673,-1.04,-2.85,-5.55
1740959673,5.06,7.5,2.58
1740959673,0.11,-9.74,0.56
1740959673,4.57,8.91,-8.23
1740959673,-3.02,-1.57,-2.51
1740959673,9.46,8.13,-1.57
1740959674,9.86,3.29,-7.55
1740959674,-6.9,1.42,-3.33
1740959674,-0.37,-0.55,2.42
1740959674,39.25,-6.89,47.75
1740959674,-6.73,-2.0,38.13
1740959674,-1.36,9.53,7.94
1740959674,6.42,3.14,-6.54
1740959674,8.91,6.24,-2.73
1740959674,4.45,1.8,-5.19
1740959674,7.19,9.04,1.78
1740959675,5.94,-1.0,-2.8
1740959675,-0.89,-4.37,-0.16
1740959675,7.39,3.96,-8.9
1740959675,-8.72,5.77,-3.35
1740959675,-7.01,7.99,-8.83
1740959675,9.93,5.22,-8.21
1740959675,4.05,0.08,0.12
1740959675,-7.83,-1.15,-9.08
1740959675,-4.82,9.79,-1.94
1740959675,7.59,-0.84,7.58
1740959676,6.16,6.53,-2.45
1740959676,-0.08,3.81,-8.03
1740959676,-2.05,-2.26,-9.6
1740959676,-6.64,-2.75,3.65
1740959676,0.47,-4.78,-2.78
1740959676,27.79,37.29,-26.21
1740959676,-7.86,2.56,6.19
1740959676,-8.56,-7.6,-3.55
1740959676,-1.49,4.31,-8.33
1740959676,6.37,1.27,1.67
1740959677,2.12,-7.63,0.88
1740959677,-49.23,-25.6,-36.44
1740959677,5.44,-4.78,3.92
1740959677,-2.35,3.94,-3.7
1740959677,4.87,2.77,-2.03
1740959677,-5.51,7.13,7.01
1740959677,9.61,9.5,-2.74
1740959677,-39.21,-16.5,44.76
1740959677,-2.34,-0.18,-8.61
1740959677,2.18,1.6,-9.63
